Date,Donor,Address,Amount
2010-01-04,CONIFER REALTY LLC,,500.0
2010-01-05,"THACHER ASSOCIATES, LLC",,1000.0
2010-01-05,"DONALD ZUCKER COMPANY, LLC",,25000.0
2010-01-05,"CABLEVISION OF WARWICK, LLC",,20000.0
2010-01-06,CARNAP LLC,,11000.0
2010-01-06,CARNAP LLC,,15000.0
2010-01-07,"WRIGHT REAL ESTATE, LLC",,1300.0
2010-01-07,MANHATTAN BEER DISTRIBUTORS LLC,,2500.0
2010-01-07,"A.L. GEORGE, LLC",,2500.0
2010-01-07,"WRIGHT REAL ESTATE, LLC",,1700.0
2010-01-07,"STEVEN W. HARRIS, LLC",,5000.0
2010-01-07,RAM ASSOCIATES LLC,,2500.0
2010-01-07,MANHATTAN BEER DISTRIBUTORS LLC,,5000.0
2010-01-07,DJJT BERTOLINE ASSOCIATES LLC,,2500.0
2010-01-07,"ENGLISH DANA ENTERPRISES, LLC",,2500.0
2010-01-07,S&S REALTY OF ROCHESTER LLC,,1000.0
2010-01-11,92ND REALTY LLC,,5000.0
2010-01-11,80TH REALTY LLC,,5000.0
2010-01-11,EAST 103RD STREET REALTY LLC,,20000.0
2010-01-11,EAST 77TH REALTY LLC,,5000.0
2010-01-11,"DOUGLASTON DEVELOPMENT, LLC",,5000.0
2010-01-11,WEST 37TH STREET PARKING LLC,,55000.0
2010-01-11,"COMMUNITY COUNSELLING SERVICE CO., LLC",,5000.0
2010-01-11,79TH STREET REALTY LLC,,5000.0
2010-01-11,COLUMBUS 60TH REALTY LLC,,5000.0
2010-01-11,IMPROVEMENT FUND LLC,,50000.0
2010-01-12,"PARAGON MANAGEMENT SNF, LLC",,5000.0
2010-01-12,"METROPOLITAN REALTY GROUP, LLC",,2000.0
2010-01-12,HAVEN MANOR ASSOCIATES LLC,,5000.0
2010-01-12,ALROSE GROUP LLC,,500.0
2010-01-13,NEW SEA CREST HEALTH CENTER LLC,,1000.0
2010-01-13,BOWNE ASSOCIATES LLC,,2000.0
2010-01-13,"W&W GLASS, LLC",,4000.0
2010-01-13,"ABSOLUT FACILITIES MANAGEMENT, LLC",,5000.0
2010-01-13,MUSS DEVELOPMENT LLC,,5000.0
2010-01-13,ISLAND FUND I LLC,,45000.0
2010-01-13,REGENCY EXTENDED MANAGEMENT LLC,,5000.0
2010-01-13,ROCKAWAY EXTENDED MGMT LLC,,5000.0
2010-01-13,"MACANDREWS & FORBES GROUP, LLC",,5000.0
2010-01-14,MSL PARTNERS LLC,,5000.0
2010-01-14,DRUG SOURCE COMPANY LLC,,50000.0
2010-01-14,CAPITAL STRATEGIES GROUP LLC,,2000.0
2010-01-16,"PEREGRINE PROPERTIES OF UPSTATE, LLC",,250.0
2010-01-16,"PEREGRINE PROPERTIES OF UPSTATE, LLC",,250.0
2010-01-16,"CSL STRATEGIES, LLC",,2500.0
2010-01-16,RCDOLNER LLC,,2500.0
2010-01-16,"WOH GOVERNMENT SOLUTIONS, LLC",,1500.0
2010-01-16,"PEREGRINE PROPERTIES OF UPSTATE, LLC",,250.0
2010-01-16,"PEREGRINE PROPERTIES OF UPSTATE, LLC",,250.0
2010-01-19,88 GREENWICH MARKETING GROUP LLC,,3000.0
2010-01-23,LECESSE CONSTRUCTION SERVICES LLC,,1000.0
2010-02-19,JANSON SUPERMARKETS LLC,,500.0
2010-02-23,STUART LEVINE & ASSOCIATES LLC,,1000.0
2010-03-08,"BOGDAN LASKY & KOPLEY, LLC",,2206.0
2010-03-15,CONSTANTINOPLE & VALLONE CONSULTING LLC,,3003.0
2010-03-23,DAMES REID LLC,,2500.0
2010-03-31,"QUADRIGA ART III, LLC",,1000.0
2010-03-31,VAN WAGNER COMMUNICATIONS LLC,,2398.0
2010-04-01,MYRON M. CHERRY & ASSOCIATES LLC,,5000.0
2010-04-05,ROC APPAREL GROUP LLC,,5000.0
2010-04-05,PREMO LAW FIRM PLLC,,1500.0
2010-04-11,PAUL TRAUB PLLC,,2500.0
2010-04-12,"JACKSON BUILDERS, LLC",,5000.0
2010-04-12,"INTERNATIONAL CULINARY CENTER, LLC",,1000.0
2010-04-12,ACCESS INDUSTRIES HOLDINGS LLC,,15000.0
2010-04-12,"ENNIS, PREZIOSO & COMPANY, LLC",,1000.0
2010-04-13,BARDONIA CHIROPRACTIC OFFICE PLLC,,100.0
2010-04-13,EAST END NON SURGICAL DECOMPRESSION LLC,,100.0
2010-04-18,LIGHTHOUSE 49 LLC,,485.0
2010-04-18,WEST 109TH PORTFOLIO LLC,,3671.0
2010-04-19,ISLAND CAPITAL GROUP LLC,,12508.0
2010-04-19,"INTERNATIONAL HOSPITALITY INVESTMENTS, LLC",,1500.0
2010-04-19,"PIER SIXTY, LLC",,1500.0
2010-04-20,"ADVANCED QUALITY LOGISTICS, LLC",,1000.0
2010-04-21,THE KOLLURI GROUP LLC,,150.0
2010-04-22,"CPV VALLEY, LLC",,5000.0
2010-04-22,TURNER CHIROPRACTIC PLLC,,100.0
2010-04-22,"BROWN INTEGRATED CHIROPRACTIC, PLLC",,100.0
2010-04-22,BOTTLING GROUP LLC - FSV,,38000.0
2010-04-22,"CPV MARYLAND, LLC",,5000.0
2010-04-22,"17TH STREET ENTERTAINMENT II, LLC",,1500.0
2010-04-22,"CPV DANBURY, LLC",,5000.0
2010-04-23,CAMPANELLA CHIROPRACTIC & WELLNESS PLLC.,,100.0
2010-04-29,"SARATOGA GAMING RESOURCES, LLC",,15000.0
2010-05-05,MEDALLION HAMPTONS LLC,,24000.0
2010-05-05,"HCDC HOLDINGS, LLC",,2500.0
2010-05-05,"NORTH SHORE CAMP, LLC",,2500.0
2010-05-06,"FERRO ENTERPRISES NY, LLC",,2000.0
2010-05-07,CHIROPRACTIC ORTHOPEDICS & REHABILITATION LLC,,200.0
2010-05-07,LAKE CHIROPRACTIC PLLC,,100.0
2010-05-09,JAM ADVERTISING GROUP LLC,,500.0
2010-05-09,WILLIAMS CONSULTING LLC,,500.0
2010-05-10,OAK STREET LEASING LLC,,52.0
2010-05-10,ELLECOTT LOFTS LLC,,99.0
2010-05-11,JNS LLC,,102.0
2010-05-11,JNS LLC,,5621.0
2010-05-13,JF TRAPEZA LLC,,5000.0
2010-05-13,"EMPIRE MERCHANTS NORTH, LLC",,25000.0
2010-05-13,PITTA BISHOP DEL GIORNO & GIBLIN LLC,,5000.0
2010-05-13,"EMPIRE MERCHANTS, LLC",,21800.0
2010-05-13,TSUNIS - HUNTINGTON LLC,,5000.0
2010-05-14,CALIPER REAL ESTATE ADVISORS LLC,,3000.0
2010-05-14,"GONZALEZ SAGGIO & HARLAN, LLC",,5000.0
2010-05-14,"GSH CONSULTING, LLC",,5000.0
2010-05-14,DAC 47 GREAT JONES LLC,,2500.0
2010-05-14,MUSS DEVELOPMENT LLC,,3000.0
2010-05-14,"ALBERT FRIED & COMPANY, LLC",,1000.0
2010-05-14,EFFICIENCY LEASING OF FLORIDA LLC,,5000.0
2010-05-14,CHARTWELL LODGING LLC,,5000.0
2010-05-17,"TULLY-WILLETS REALTY CO., LLC",,250.0
2010-05-17,LIGHTHOUSE 49 LLC,,15000.0
2010-05-17,EFFICIENCY ENTERPRISES OF TAMPA LLC,,5000.0
2010-05-17,"BEACON 109 203-205, LLC",,15000.0
2010-05-17,GENNX360 MANAGEMENT COMPANY LLC,,10000.0
2010-05-17,TERN CONSTRUCTION & DEVELOPMENT LLC,,5000.0
2010-05-17,GRANITE BUILDING 2 LLC,,5000.0
2010-05-17,HASA CONSTRUCTION LLC,,4500.0
2010-05-17,MILL ROAD VENTURES LLC,,2500.0
2010-05-17,WEST 109TH PORTFOLIO LLC,,15000.0
2010-05-17,"EFFICIENCY ENTERPRISE OF MARYLAND, LLC",,5000.0
2010-05-20,HASA REALTY LLC,,5000.0
2010-05-21,COPPER PLUMBING & HEATING LLC,,1000.0
2010-05-25,IRWIN & STREINER LLC,,1000.0
2010-05-25,J & R FOLINO LLC,,100.0
2010-05-25,COMPREHENSIVE MEDICAL REVIEWS LLC,,100.0
2010-05-25,GREENFIELD CONSULTANTS LLC,,500.0
2010-05-28,LIGHTHOUSE 49 LLC,,5000.0
2010-06-01,"LMR, LLC",,6662.0
2010-06-02,"LMR, LLC",,20000.0
2010-06-03,"COURTHOUSE CORPORATE CENTER, LLC",,25000.0
2010-06-03,POKLEMBA & HOBBS LLC,,1000.0
2010-06-03,GENNX360 MANAGEMENT COMPANY LLC,,10000.0
2010-06-03,AMERICAN ANALYTICAL LABORATORIES LLC,,500.0
2010-06-03,WASTE MANAGEMENT OF NEW YORK LLC,,5000.0
2010-06-03,"NICOLINI, PARADISE, FERRETTI & SABELLA PLLC",,1000.0
2010-06-07,"POS RESIDENTIAL MANAGEMENT, LLC",,500.0
2010-06-08,"BOND, SCHOENECK AND KING, LLC",,5000.0
2010-06-08,COBB B LLC,,1000.0
2010-06-08,"WESTERN NEW YORK ENERGY, LLC",,2000.0
2010-06-08,JNS LLC,,136.0
2010-06-08,JNS LLC,,7897.0
2010-06-08,MCLAREN ABSTRACT LLC,,1000.0
2010-06-09,"J. DONOFRIO METALS CO, LLC",,1000.0
2010-06-09,"RMC CONSULTING GROUP, LLC",,500.0
2010-06-12,AMERICAN ROCK SALT COMPANY LLC,,5000.0
2010-06-12,HINMAN STRAUB ADVISORS LLC,,4500.0
2010-06-13,"VANACORE, DEBENEDICTUS, DIGOVANNI AND WEDDELL LLC",,5000.0
2010-06-13,SIXNET LLC,,1000.0
2010-06-13,"R & P OAK HILL DEVELOPMENT, LLC",,5000.0
2010-06-13,"BROWN & WEINRAUB, PLLC",,965.0
2010-06-13,"PIETRZAK & PFAU ENGINEERING & SURVEYING, PLLC",,5000.0
2010-06-16,WW SOUTH MAIN LLC,,2000.0
2010-06-16,RITTENHOUSE CONSULTING GROUP LLC,,1000.0
2010-06-16,ACCESS INDUSTRIES HOLDINGS LLC,,15000.0
2010-06-16,EPONYMOUS ASSOCIATES LLC,,2000.0
2010-06-16,"380 DEVELOPMENT, LLC",,2000.0
2010-06-16,"PORTABLES UNLIMITED, LLC",,1000.0
2010-06-16,"LOGISTICARE SOLUTIONS, LLC",,2000.0
2010-06-16,THE CREST GROUP LLC,,500.0
2010-06-16,"ORANGEBURG HOLDINGS, LLC",,1000.0
2010-06-16,ATLANTIC CRANE LLC,,1000.0
2010-06-16,ADA ELECTRICAL CONTRACTING LLC,,1000.0
2010-06-16,BD BLAKELY LLC,,15000.0
2010-06-16,MKFISHER LLC,,1000.0
2010-06-16,"O-NOSSO-FUTURA, LLC",,2000.0
2010-06-16,MILLBROOK VENTURES LLC,,25000.0
2010-06-16,EDGEWATER INDUSTRIAL PARK LLC,,5000.0
2010-06-16,APPLE REAL ESTATE MANAGEMENT COMPANIES LLC,,1000.0
2010-06-16,FARMERS SERVICES  LLC,,1000.0
2010-06-16,PANNONE LOPEZ DEVEREAUX & WEST LLC,,500.0
2010-06-16,"KOHL INDUSTRIAL PARK, LLC",,2000.0
2010-06-17,LIGHTHOUSE GLOBAL PARTNERS LLC,,2000.0
2010-06-18,P/A ASSOCIATES LLC,,1000.0
2010-06-18,LANCE HOLDINGS LLC,,2500.0
2010-06-18,HELLMAN MANAGEMENT LLC,,1000.0
2010-06-18,BOLD FOOD LLC,,1500.0
2010-06-18,COMMERCIAL SITE MANAGEMENT LLC,,2000.0
2010-06-21,"SUNSHINE SACHS & ASSOCIATES, LLC",,5000.0
2010-06-22,"THE DIMARCO GROUP, LLC",,24434.0
2010-06-22,JONI PROPERTY TRUST LLC,,1000.0
2010-06-23,"WECARE ORGANICS, LLC",,1000.0
2010-06-23,ACCESS INDUSTRIES HOLDINGS LLC,,10000.0
2010-06-26,"LMR, LLC",,20000.0
2010-06-28,"PALADIN REALTY PARTNERS, LLC",,250.0
2010-06-28,"VMS ASSOCIATES, LLC",,500.0
2010-06-28,C & C  LLC,,10000.0
2010-06-28,RIVERSIDE PARTNERS LLC,,1000.0
2010-06-28,RESSA FAMILY LLC,,500.0
2010-06-28,"NORTHEAST GOVERNMENT CONSULTING, LLC",,750.0
2010-06-28,CUOMO LLC,,5000.0
2010-07-01,M. CARCHEDI CUSTOM TAILORS LLC,,1500.0
2010-07-01,GLEN FALLS CROSSINGS LLC,,1818.0
2010-07-01,CATSKILL CROSSINGS LLC,,1818.0
2010-07-01,"RID VENTURES, LLC",,5000.0
2010-07-01,DUVERNAY & BROOKS LLC,,1000.0
2010-07-01,BELVEDERE OF ALBANY LLC,,500.0
2010-07-01,WASTE MANAGEMENT OF NEW YORK LLC,,20000.0
2010-07-01,POUGHKEEPSIE CROSSING LLC,,1818.0
2010-07-01,UTICA CROSSING LLC,,1818.0
2010-07-01,CROSSROADS HEALTHCARE MANAGEMENT LLC,,500.0
2010-07-01,"MONTGOMERY MANOR ASSOCIATES, LLC",,5000.0
2010-07-01,"ROCHESTER MALLS, LLC",,10000.0
2010-07-02,"CABLEVISION OF ROCKLAND/RAMAPO, LLC",,50000.0
2010-07-02,QAR LLC,,500.0
2010-07-02,"THE SUCCESS GROUP, LLC",,2500.0
2010-07-02,PRINCE SOHO LLC,,2500.0
2010-07-02,RIVER AVENUE ASSOCIATES LLC,,5000.0
2010-07-02,DENNIS J. BISCHOF LLC,,145.0
2010-07-02,M-HILL 4 LLC,,2500.0
2010-07-02,"DIVERSE FUNDING ASSOCIATES, LLC",,500.0
2010-07-02,43 & 2 PROPERTY CO LLC,,2500.0
2010-07-05,ZUFFA LLC,,36800.0
2010-07-05,THE CAREY GROUP LLC,,1000.0
2010-07-05,BERIT REALTY LLC,,3000.0
2010-07-05,"WEC PRODUCTIONS, LLC",,37800.0
2010-07-05,EASTSIDE TERRACE LLC,,2500.0
2010-07-05,RCA ASPHALT LLC,,1000.0
2010-07-05,NORTHFIELD ADVISORS LLC,,3000.0
2010-07-05,"TULLY-WILLETS REALTY CO., LLC",,4750.0
2010-07-05,BROOK GREEN LLC,,5000.0
2010-07-06,TAYLOR BIOMASS ENERGY LLC,,5000.0
2010-07-06,ALMSTEAD TREE & SHRUB CARE COMPANY LLC,,1000.0
2010-07-06,ORANGE COUNTY IRONWORKS LLC,,5000.0
2010-07-06,"POLIMENI INTERNATIONAL, LLC",,9844.0
2010-07-06,MARANS WEISZ & NEWMAN LLC,,1000.0
2010-07-07,HARRISON CENTER CHIROPRACTIC PLLC,,100.0
2010-07-07,ORION SUMMIT SERVICES LLC,,6000.0
2010-07-07,EB-JWJ MANAGEMENT LLC,,5000.0
2010-07-07,BP US ASSET MGMT LLC,,1500.0
2010-07-07,UNIVERSAL MANAGEMENT AGENCY LLC,,5000.0
2010-07-07,NETREX LLC,,2000.0
2010-07-07,MARATHON DEVELOPMENT LLC,,5000.0
2010-07-07,FH OPCO LLC,,5000.0
2010-07-07,WINTERS BROS HOLDINGS LLC,,5000.0
2010-07-07,"HEALTHTRAN, LLC",,500.0
2010-07-08,EDF LLC,,3707.0
2010-07-08,"LMR, LLC",,6000.0
2010-07-08,20TH AVE. LLC,,35000.0
2010-07-08,"BROOK TRUST II, LLC",,10000.0
2010-07-09,PSQR LLC,,55900.0
2010-07-10,APD NEW YORK LLC,,1000.0
2010-07-10,AMBULATORY VASCULAR CARE MANAGEMENT LLC,,40000.0
2010-07-10,MAPLE MESSA LLC,,500.0
2010-07-10,CENTURY 21 DEPARTMENT STORES OF NEW JERSEY LLC,,5000.0
2010-07-10,CENTURY 21 DEPARTMENT STORES LLC,,5000.0
2010-07-11,"SOURCE INTERLINK DISTRIBUTION, LLC",,10000.0
2010-07-11,989 JAMES STREET LLC,,250.0
2010-07-11,MAD LLC,,5000.0
2010-07-11,PINNACLE HOLDING CO LLC,,500.0
2010-07-12,METRO GRAPHICS PRINTING LLC,,500.0
2010-07-12,COOPER BOWERY LLC,,12250.0
2010-07-12,"ISLIP VENTURES, LLC",,25000.0
2010-07-12,"POLIMENI INTERNATIONAL, LLC",,5000.0
2010-07-13,ATLANTIC FINANCE LLC,,1500.0
2010-07-13,MULTIFAMILY MANAGEMENT SERVICES LLC,,1000.0
2010-07-13,MARATHON DEVELOPMENT LLC,,2500.0
2010-07-13,GENESIS PARTNERS LLC,,1000.0
2010-07-13,MULTIFAMILY MGT OF PHILADELPHIA LLC,,1500.0
2010-07-13,GOLDOLLER MANAGEMENT SERVICES LLC,,2500.0
2010-07-13,OMNI HOUSING DEVELOPMENT LLC,,1000.0
2010-07-13,GRANT/BRIARWOOD LLC,,1000.0
2010-07-13,CAPOCCIA ASSET MANAGERS LLC,,5000.0
2010-07-13,"CHESTER MALL, LLC",,10000.0
2010-07-13,"PEPSI BOTTLING VENTURES, LLC",,35000.0
2010-07-13,TJS ASSOCIATES LLC,,5000.0
2010-07-13,THE METROPOLITAN AGENCY LLC,,1000.0
2010-07-13,SHM PARTNERS LLC,,5000.0
2010-07-13,"EMPIRE EXECUTIVE INN, LLC",,5000.0
2010-07-13,EISBROUCH & MARSH LLC,,5000.0
2010-07-13,2355 EIGHTH AVENUE LLC,,1500.0
2010-07-13,"NHE MANAGEMENT ASSOC, LLC",,1000.0
2010-07-13,"AJH ASSOCIATES, LLC",,5000.0
2010-07-13,ZYGOTE LLC,,1000.0
2010-07-14,Z&G LLC,,1000.0
2010-07-14,WESTVALE PLAZA LLC,,250.0
2010-07-14,COMMERCIAL SITE MANAGEMENT LLC,,6500.0
2010-07-14,"THEE AMISH MARKET, LLC",,400.0
2010-07-14,"THE QUAD GROUP, LLC",,400.0
2010-07-14,ROBERT TENGLER PLLC,,2500.0
2010-07-14,FRANCISCAN HEALTH SUPPORT SERVICES LLC,,500.0
2010-07-14,LAWSTREET CAPITAL MANAGEMENT LLC,,2500.0
2010-07-14,"BLANK & STAR, PLLC",,250.0
2010-07-14,SLAWEK W. PLATTA PLLC,,200.0
2010-07-14,PARIS & CHAIKIN PLLC,,600.0
2010-07-15,JAS HOUSING CONSULTANTS LLC,,2500.0
2010-07-15,STORMS KURZER GROUP LLC,,2500.0
2010-07-15,BANIC CONTRACTING LLC,,5000.0
2010-07-15,ATRIUM ASSOCIATES LLC,,400.0
2010-07-16,KBTF GROUP LLC,,2115.0
2010-07-17,PLUMMER & ASSOCIATES LLC,,2000.0
2010-07-17,ROBERTI FAMILY LLC,,4000.0
2010-07-21,ECO SPECIALTIES LLC,,500.0
2010-07-21,"ADDWEL, LLC - ADCO TECHNOLOGY CENTER",,4000.0
2010-08-13,"ALEXANDER HOLDINGS, LLC",,3500.0
2010-08-13,REAL QUALITY WINDOWS & DOORS LLC,,3500.0
2010-08-13,APD NEW YORK LLC,,5000.0
2010-08-15,PA AUSTIN LLC,,1000.0
2010-08-15,PARTS AUTHORITY SOUTHERN LLC,,500.0
2010-08-18,GRAMERCY ADVISORS LLC,,2500.0
2010-09-01,"PRIME LAND SERVICES, LLC",,1000.0
2010-09-01,AIRWAY MAINTENANCE LLC,,5000.0
2010-09-01,"NF ARCHITECTURAL DESIGNS, PLLC",,2500.0
2010-09-01,PONQUOGUE REALTY LLC,,500.0
2010-09-08,CONTENT CRITICAL LLC,,2500.0
2010-09-12,"CHRISTA CONSTRUCTION, LLC",,5000.0
2010-09-13,CONIFER REALTY LLC,,10000.0
2010-09-14,"CALKINS CORPORATE PARK, LLC",,500.0
2010-09-14,"BROAD STREET DEVELOPMENT, LLC",,2700.0
2010-09-14,HALMAR INTERNATIONAL LLC,,5000.0
2010-09-14,HALMAR INTERNATIONAL LLC,,5000.0
2010-09-15,"3750 MONROE AVENUE ASSOCIATES, LLC",,2500.0
2010-09-15,GARTENSTEIN CONSULTANTS LLC,,2500.0
2010-09-15,"CABLEVISION OF OAKLAND, LLC",,30000.0
2010-09-15,"LINCOLN LAND SERVICES, LLC",,2500.0
2010-09-15,PKW GENERAL CONTRACTING LLC,,2500.0
2010-09-15,THE JUDICIAL TITLE INSURANCE AGENCY LLC,,2500.0
2010-09-20,515 BROADHOLLOW LLC,,5000.0
2010-09-20,"MICHAEL SCHROM AND COMPANY, LLC",,2500.0
2010-09-20,"TRF REALTY, LLC",,5000.0
2010-09-20,M & C 62 PROPERTIES LLC,,5000.0
2010-09-20,BENCHMARK TITLE AGENCY LLC,,2500.0
2010-09-20,ORION SUMMIT SERVICES LLC,,250.0
2010-09-23,"GN INVESTMENTS, LLC",,25000.0
2010-09-24,"DOUGLASTON DEVELOPMENT, LLC",,5000.0
2010-09-24,"THE SIGNATURE GROUP, LLC",,1000.0
2010-09-24,"TSG FINANCIAL, LLC",,1000.0
2010-09-27,"BURKE HOMES, LLC",,1000.0
2010-09-27,THOMAS SCOTTO CONSULTANTS LLC,,500.0
2010-09-27,"R & P OAK HILL DEVELOPMENT, LLC",,2000.0
2010-09-27,NEW HORIZON ACQUISITIONS LLC,,1000.0
2010-09-27,"H@ LOFTS, LLC",,5000.0
2010-09-28,"CRAFT BREWERS GUILD, LLC",,2000.0
2010-09-28,UB DISTRIBUTORS LLC,,1000.0
2010-09-28,"DIFAZIO POWER & ELECTRIC, LLC",,5000.0
2010-09-28,THE CLEARING HOUSE ASSOCIATION LLC,,10000.0
2010-09-29,DORSA PARTNERS LLC,,1000.0
2010-09-29,"EB GROSSMANNS FARM, LLC",,5000.0
2010-09-29,"EB AT EAST NORTHPORT, LLC",,5000.0
2010-09-29,FREER LYNBROOK LLC,,5000.0
2010-09-29,MIDWAY INVESTORS LLC,,5000.0
2010-09-29,"HAMPSHIRE MANAGEMENT COMPANY NUMBER 25, LLC",,5000.0
2010-09-29,EB CARE AT MASSAPEQUA LLC,,5000.0
2010-09-29,"HAMPSHIRE MANAGEMENT COMPANY, LLC",,5000.0
2010-09-29,"HAMPSHIRE MANAGEMENT COMPANY NUMBER 20, LLC",,5000.0
2010-09-29,E B RACEWAY LLC,,5000.0
2010-09-29,HUNGRY HARBOR CARE LLC,,5000.0
2010-09-29,BENJAMIN MILLENIUM GROUP LLC,,25000.0
2010-09-29,"CPV VALLEY, LLC",,25000.0
2010-09-30,NYC CLEANING COMPANY LLC,,9450.0
2010-09-30,"LUDLOW STREET DEVELOPMENT, LLC",,9450.0
2010-09-30,"HIPPODROME MEZZ I, LLC",,9450.0
2010-09-30,RIVERGATE DEVELOPMENT LLC,,37800.0
2010-09-30,"HIPPODROME LAND COMPANY, LLC",,9450.0
2010-09-30,SEVEN EAST CARVER STREET LLC,,1000.0
2010-09-30,MS & B CONSTRUCTION CO. LLC,,10000.0
2010-09-30,"PAR VIEW ASSOCIATES, LLC",,1000.0
2010-09-30,STSR TRADING LLC,,20000.0
2010-09-30,"B.R. FRIES & ASSOCIATES, LLC",,1000.0
2010-09-30,HAPPY TRAILS LLC,,250.0
2010-09-30,SERVISAIR LLC,,3000.0
2010-09-30,UCEE RCS ENTERPRISES LLC,,5000.0
2010-09-30,CAROLE LYSAGHT MOODHE M.D. LLC,,500.0
2010-09-30,AGS VENTURES II LLC,,12200.0
2010-09-30,"ROCKWELL GLOBAL CAPITAL, LLC",,1000.0
2010-10-04,"700 N. SAM HOUSTON ROAD REALTY, LLC",,3000.0
2010-10-05,TSUNIS - HUNTINGTON LLC,,10000.0
2010-10-05,J & E INDUSTRIES LLC,,5000.0
2010-10-05,ISLAND CAPITAL GROUP LLC,,7200.0
2010-10-08,"LOGISTICARE SOLUTIONS, LLC",,3000.0
2010-10-08,SEMPRA ENERGY SOLUTIONS LLC,,1000.0
2010-10-08,27-11 49TH AVENUE REALTY LLC,,5000.0
2010-10-08,ISLAND CAPITAL GROUP LLC,,1664.0
2010-10-08,SUSTAINABILITY PARTNERS LLC,,2500.0
2010-10-08,ANTHONY J. CATANESE M.D. LLC,,100.0
2010-10-08,"NIAGARA GENERATION, LLC",,333.0
2010-10-08,"NIAGARA GENERATION, LLC",,333.0
2010-10-08,"MEHERIO, LLC",,10000.0
2010-10-13,"WHITE BIRCH, LLC",,5000.0
2010-10-13,H&G 2006 LLC,,5000.0
2010-10-13,"MILLENNIUM STRATEGIES, LLC",,1000.0
2010-10-13,CUOMO LLC,,5000.0
2010-10-13,ORION SUMMIT SERVICES LLC,,1000.0
2010-10-13,"MILLENNIUM STRATEGIES, LLC",,1000.0
2010-10-14,SOLO MANAGEMENT CO LLC,,2500.0
2010-10-15,"ACCESS INDUSTRIES, LLC",,19500.0
2010-10-18,"ACCESS INDUSTRIES, LLC",,25000.0
2010-10-18,"TRADEMARK WILLIAMS, LLC",,100.0
2010-10-18,"ALBERT FRIED & COMPANY, LLC",,1000.0
2010-10-18,COMMERCIAL SITE MANAGEMENT LLC,,2000.0
2010-10-18,"NORTHEAST GOVERNMENT CONSULTING, LLC",,1000.0
2010-10-19,10 WEST 47TH STREET ASSOCIATES LLC,,1000.0
2010-10-21,NOVATION CAPITAL LLC,,2500.0
2010-10-21,CITI STRUCTURE LLC,,2500.0
2010-10-21,IMPERIAL COURT MANAGEMENT LLC,,5000.0
2010-10-21,"M3 TECHNOLOGY, LLC",,1000.0
2010-10-21,LAFARGE MID-ATLANTIC LLC,,5000.0
2010-10-21,HESPERUS CAPITAL ADVISORS LLC,,2000.0
2010-10-21,"SARATOGA GAMING RESOURCES, LLC",,22800.0
2010-10-21,"EMPIRE MUNICIPAL EQUIPMENT, LLC",,2000.0
2010-10-21,ERIE STATION 241 LLC,,3000.0
2010-10-21,"ROBINSON MANAGEMENT, LLC",,10000.0
2010-10-21,CYNTHIA DAMES CONSULTING LLC,,1000.0
2010-10-21,"380 DEVELOPMENT, LLC",,1000.0
2010-10-21,BOLTON ST. JOHNS LLC,,10000.0
2010-10-21,CAPITOL GROUP LLC,,2500.0
2010-10-26,MATTONE GROUP MANAGEMENT LLC,,1000.0
2010-10-26,LAW OFFICE OF JAMES V. MATTONE PLLC,,2500.0
2010-10-27,JOHN A. DANZI LLC,,2000.0
2010-10-27,"RIVER YORK BARCLAY, LLC",,5000.0
2010-10-27,"PARIS & CHAIKIN, PLLC",,250.0
2010-10-27,THE ROMAN LAW FIRM PLLC,,150.0
2010-10-27,ALEXANDER & CATALANO LLC,,500.0
2010-10-27,"PEGALIS & ERICKSON, LLC",,10000.0
2010-10-27,RIVER YORK STRATFORD LLC,,10000.0
2010-10-28,BAN REALTY LLC,,5000.0
2010-10-29,"CABLEVISION OF NEW JERSEY, LLC",,25000.0
2010-10-29,COMCAST OF ILLINOIS/INDIANA/OHIO LLC,,15300.0
2010-10-29,"CABLEVISION OF MONMOUTH, LLC",,25000.0
2010-11-01,ISLAND MANAGEMENT SERVICES LLC,,26751.0
2010-11-02,"ROCHESTER MALLS, LLC",,5000.0
2010-11-04,"BOT, LLC",,250.0
2010-11-15,GEMINI CAPITAL MANAGEMENT LLC,,15000.0
2010-11-23,DOUGLAS ELLIMAN LLC,,25000.0
2010-11-29,ISLAND CAPITAL GROUP LLC,,16444.0
2010-11-29,"DLJ PARTNERS, LLC",,12777.0
2010-11-29,"GKMG PARTNERS, LLC",,37800.0
2010-12-22,"CPV VALLEY, LLC",,4000.0
2010-12-22,FFS 2002 LLC,,2363.0
2010-12-22,"CPV MARYLAND, LLC",,3800.0
2010-12-22,FFS 2002 LLC,,2620.0
2010-12-22,"CPV DANBURY, LLC",,5016.0
2010-12-23,"JACKSON BUILDERS, LLC",,25000.0
2010-12-23,AMERIGROUP NEW YORK LLC,,10000.0
2010-12-23,"TITAN INDUSTRIES, LLC",,250.0
2010-12-23,FFS 2002 LLC,,4137.0
2011-02-01,"ROTH & SONS NEW YORK, LLC",,15000.0
2011-02-01,BEEKMAN HOUSING VENTURES LLC,,25000.0
2011-02-03,MILLBROOK VENTURES LLC,,15000.0
2011-02-04,"EMPIRE MERCHANTS, LLC",,16500.0
2011-02-04,"EMPIRE MERCHANTS NORTH, LLC",,8500.0
2011-02-09,VAN WAGNER COMMUNICATIONS LLC,,15000.0
2011-02-17,"COURTHOUSE CORPORATE CENTER, LLC",,15000.0
2011-02-17,"TAYLOR RECYCLING FACILITY, LLC",,7500.0
2011-02-22,H.J. KALIKOW & CO LLC,,15000.0
2011-02-22,ZUFFA LLC,,15000.0
2011-02-22,"SARATOGA GAMING RESOURCES, LLC",,15000.0
2011-02-22,"TONIO BURGOS & ASSOCIATES OF NEW JERSEY, LLC",,15000.0
2011-02-22,"ALLERGAN SALES, LLC",,30000.0
2011-02-24,L A J PROPERTIES LLC,,25000.0
2011-03-09,DOLP 1155 PROPERTIES LLC,,2500.0
2011-03-09,COMCAST OF ILLINOIS/INDIANA/OHIO LLC,,15000.0
2011-03-09,"CABLEVISION OF WARWICK, LLC",,15000.0
2011-03-24,"J. DONOFRIO METALS CO, LLC",,1000.0
2011-04-12,"COMMUNITY COUNSELLING SERVICE CO., LLC",,5000.0
2011-04-12,"SEDLIS GOLDSTEIN GROUP, LLC",,10000.0
2011-04-13,BRIAR HILL REALTY LLC,,1000.0
2011-04-19,BOLTON ST. JOHNS LLC,,10000.0
2011-04-19,398 THIRD AVENUE REALTY LLC,,5000.0
2011-04-21,"SAINT MARK'S REHABILITATIVE MED, PLLC",,100.0
2011-05-03,H.J.K. LLC,,25000.0
2011-05-09,"EMPIRE MERCHANTS, LLC",,7000.0
2011-05-09,"EMPIRE MERCHANTS NORTH, LLC",,3000.0
2011-05-09,EDGEWATER INDUSTRIAL PARK LLC,,750.0
2011-05-10,WALTERS GROUP CONSULTING LLC,,3000.0
2011-05-10,ICONPLANS LLC,,1000.0
2011-05-10,"AVALON RISK, LLC",,1000.0
2011-05-10,"TAYLOR RECYCLING FACILITY, LLC",,2500.0
2011-05-10,TAYLOR BIOMASS ENERGY LLC,,2500.0
2011-05-10,A&L DOORS & HARDWARE LLC,,180.0
2011-05-10,"BLUE CHIP FARMS, LLC",,1000.0
2011-05-10,MACQUESTERN CONSTRUCTION MANAGEMENT LLC,,10000.0
2011-05-13,"NRP CONTRACTORS, LLC",,25000.0
2011-05-13,OMNI HOUSING DEVELOPMENT LLC,,5000.0
2011-05-13,"MS & B CONSTRUCTION CO., LLC",,15000.0
2011-05-17,"ALEXANDER HOLDINGS, LLC",,6000.0
2011-05-17,CONIFER REALTY LLC,,5000.0
2011-05-17,ST. ANN'S CDE OWNER LLC,,12500.0
2011-05-17,DV GROUP LLC,,3500.0
2011-05-18,TMD CONSTRUCTION JV LLC,,15000.0
2011-05-18,ZYGOTE LLC,,5000.0
2011-05-18,"MEHERIO, LLC",,5000.0
2011-05-18,MARATHON DEVELOPMENT LLC,,10000.0
2011-05-19,"METROPOLITAN REALTY GROUP, LLC",,5000.0
2011-05-19,REAL QUALITY WINDOWS & DOORS LLC,,5000.0
2011-05-19,"WOH GOVERNMENT SOLUTIONS, LLC",,2500.0
2011-05-23,ST. ANN'S ABH OWNER LLC,,12500.0
2011-05-24,RIVERGATE DEVELOPMENT LLC,,50000.0
2011-05-26,HALMAR INTERNATIONAL LLC,,25000.0
2011-05-26,"NORTH SHORE CAMP, LLC",,5000.0
2011-06-01,MILLBROOK VENTURES LLC,,15000.0
2011-06-01,"YANKEE GLOBAL ENTERPRISES, LLC",,25000.0
2011-06-01,TERN CONSTRUCTION & DEVELOPMENT LLC,,10000.0
2011-06-01,PLANET EARTH LLC,,5000.0
2011-06-02,UB DISTRIBUTORS LLC,,3000.0
2011-06-02,KERY LLC,,2500.0
2011-06-02,PANNONE LOPES DEVEREAUX & WEST LLC,,2500.0
2011-06-02,CYCAZ LLC,,5000.0
2011-06-02,"POKLEMBA & HOBBS, LLC",,250.0
2011-06-03,COMMERCIAL SITE MANAGEMENT LLC,,5000.0
2011-06-09,PARAMOUNT COUNTRY CLUB LLC,,2729.0
2011-06-15,"KOHL INDUSTRIAL PARK, LLC",,1000.0
2011-06-15,THE PARKSIDE GROUP LLC,,2000.0
2011-06-15,"WHITE BIRCH, LLC",,5000.0
2011-06-16,"CENTER MANAGEMENT GROUP, LLC",,1000.0
2011-06-16,"THE CLEARING HOUSE ASSOCIATION, LLC",,1000.0
2011-06-16,GAG KNICKERBOCKER PARKING LLC,,500.0
2011-06-16,BROADWAY 4D THEATRES LLC,,25000.0
2011-06-16,RAL DEVELOPMENT SERVICES LLC,,5000.0
2011-06-16,"OTG MANAGEMENT, LLC",,5000.0
2011-06-16,"C & C, LLC PAC ACCOUNT",,10000.0
2011-06-16,"TMA, LLC",,2500.0
2011-06-16,NS INVESTMENTS LLC,,5000.0
2011-06-16,"360 BROOKLYN INVESTORS, LLC",,5000.0
2011-06-16,BEEKMAN HOUSING VENTURES LLC,,5000.0
2011-06-16,ACS HOME CARE LLC,,1000.0
2011-06-17,"SARATOGA GAMING RESOURCES, LLC",,20000.0
2011-06-17,"BROWN INTEGRATED CHIROPRACTIC, PLLC",,200.0
2011-06-17,ERIE STATION 241 LLC,,5000.0
2011-06-17,ALZHEIMERS CARE SPECIALIST LLC,,1000.0
2011-06-17,"PORTABLES UNLIMITED, LLC",,2000.0
2011-06-17,GOTHAM YELLOW LLC,,1000.0
2011-06-21,BOTTLING GROUP LLC - FSV,,38000.0
2011-06-23,GLO ELECTRIC LLC,,2500.0
2011-06-23,AMERIGROUP NEW YORK LLC,,250.0
2011-06-27,"M & M OF BRUCKNER, LLC",,4000.0
2011-06-27,"OTG JFK T5 VENTURE, LLC",,5000.0
2011-06-28,THE PARKSIDE GROUP LLC,,5000.0
2011-06-28,TIME WARNER NY CABLE LLC,,25000.0
2011-06-29,"NBCUNIVERSAL MEDIA, LLC",,2500.0
2011-06-29,"NBCUNIVERSAL MEDIA, LLC",,2500.0
2011-06-30,LIBERTY STREET REALTY LLC,,5000.0
2011-06-30,ZUFFA LLC,,15000.0
2011-06-30,EAST 77TH REALTY LLC,,5000.0
2011-06-30,WEST 37TH STREET PARKING LLC,,5000.0
2011-06-30,"EAST 81ST REALTY, LLC",,5000.0
2011-06-30,TRIBECA NORTH END LLC,,5000.0
2011-06-30,"D&M N.Y.S., P.A.C., LLC",,1000.0
2011-07-01,"DOVER KNOLLS DEVELOPMENT CO. II, LLC",,5000.0
2011-07-02,ISLAND CAPITAL GROUP LLC,,11813.0
2011-07-05,"RALPH AVENUE ASSOCIATES PHASE II, LLC",,2000.0
2011-07-05,RALPH AVENUE ASSOCIATES LLC,,2000.0
2011-07-06,JOSEPH WOLF GROUP LLC,,5000.0
2011-07-06,20TH AVE. LLC,,35000.0
2011-07-13,"L & M BUILDERS GROUP, LLC",,25000.0
2011-07-13,"CHESTER MALL, LLC",,5000.0
2011-07-14,THE MULHOLLAND GROUP LLC,,10000.0
2011-07-18,"ALLSHOWS, LLC",,750.0
2011-07-18,BREAKTHROUGH RESOURCES LLC,,300.0
2011-07-18,SL GREEN MANAGEMENT LLC,,10000.0
2011-08-01,LAFARGE MID-ATLANTIC LLC,,5000.0
2011-08-02,"KAMUNTING STREET CAPITAL MANAGEMENT, LLC",,15000.0
2011-08-02,"HAMPSHIRE MANAGEMENT COMPANY NUMBER 20, LLC",,5000.0
2011-08-03,GRAMERCY ADVISORS LLC,,5000.0
2011-08-10,ORION SUMMIT SERVICES LLC,,25000.0
2011-08-29,"TRIMARAN FUND MANAGEMENT, LLC",,15000.0
2011-09-22,ATRIUM ASSOCIATES LLC,,1500.0
2011-10-03,STREAM LINE CIRCLE LLC,,25000.0
2011-10-03,"PIETRZAK & PFAU ENGINEERING & SURVEYING, PLLC",,5000.0
2011-10-03,SABER DOBBS FERRY LLC,,2500.0
2011-10-03,BOWNE ASSOCIATES LLC,,5000.0
2011-10-03,"TRIAD GROUP, LLC",,2000.0
2011-10-03,HALMAR INTERNATIONAL LLC,,25000.0
2011-10-12,"R & M ASSOCIATES, LLC",,1500.0
2011-10-12,WACHTEL VENTURES LLC,,2500.0
2011-10-12,DEERWOOD REAL ESTATE CAPITAL LLC,,2500.0
2011-10-12,LONGFEND TRUCKING LLC,,5000.0
2011-10-12,DEMON LOGISTICS LLC,,5000.0
2011-10-12,CANYON CLUB PARTNERS LLC,,2000.0
2011-10-12,NEW SEA CREST HEALTH CARE CENTER LLC,,5000.0
2011-10-12,CICERO PROPERTIES LLC,,1500.0
2011-10-14,"THE ROCKER II DRYWALL SERVICES, LLC",,5000.0
2011-10-14,BE BRONX BUILDERS LLC,,1000.0
2011-10-14,BLUEWATER PE LLC,,5000.0
2011-10-14,"BOND, SCHOENECK & KING, PLLC",,1000.0
2011-10-14,NORTHQUAY PROPERTIES LLC,,25000.0
2011-10-14,"R. MACK ESTATES, LLC.",,5000.0
2011-10-17,MADDEN REAL ESTATE VENTURES LLC,,1000.0
2011-10-31,"SARATOGA GAMING RESOURCES, LLC",,5000.0
2011-10-31,SERQUE LEASING CO. LLC,,50000.0
2011-10-31,EAST 77TH REALTY LLC,,50000.0
2011-10-31,"TONIO BURGOS & ASSOCIATES OF NEW JERSEY, LLC",,1000.0
2011-11-03,"AQUABELLA, LLC",,1000.0
2011-11-03,MELVILLE HOSPITALITY LLC,,2000.0
2011-11-03,"NEW ROC RESIDENTIAL, LLC",,5000.0
2011-11-03,DEMON REALTY LLC,,5000.0
2011-11-03,"INNOVATIVE ENGINEERING, PLLC",,1000.0
2011-11-04,"DOVER KNOLLS DEVELOPMENT CO. II, LLC",,25000.0
2011-11-04,"MURPHY ROAD RECYCLING, LLC",,5000.0
2011-11-04,BRONX FOUR LOTS LLC,,1000.0
2011-11-10,H.J. KALIKOW & CO LLC,,5000.0
2011-11-10,MADDEN REAL ESTATE VENTURES LLC,,1000.0
2011-11-16,1800 NORTHERN BLVD LLC,,25000.0
2011-11-16,"EMPIRE MERCHANTS NORTH, LLC",,15000.0
2011-11-16,H.J.K. LLC,,5000.0
2011-11-16,"LAKESIDE HELICOPTERS, LLC",,5000.0
2011-11-16,"EMPIRE MERCHANTS, LLC",,35000.0
2011-11-16,GOTHAM GOVERNMENT RELATIONS LLC,,1000.0
2011-11-16,"TSG FINANCIAL, LLC",,1000.0
2011-11-16,"MERIDIAN CAPITAL GROUP, LLC",,2500.0
2011-11-16,COMMERCIAL RECYCLING TECHNOLOGY LLC,,3000.0
2011-11-16,CARNAP LLC,,5000.0
2011-11-17,10 WEST 47TH STREET ASSOCIATES LLC,,500.0
2011-11-17,RENAISSANCE DOWNTOWNS LLC,,1000.0
2011-11-17,MERMAID MANOR REALTY LLC,,1000.0
2011-11-17,EDGEWATER INDUSTRIAL PARK LLC,,1250.0
2011-11-17,"THE RINALDI GROUP, LLC",,1000.0
2011-11-17,FJKP LLC,,1000.0
2011-11-17,"270 WEST 39TH STREET CO., LLC",,1500.0
2011-11-17,"ENGEL BURMAN SR. HOUSING AT EAST NORTHPORT, LLC",,2500.0
2011-11-17,"T-REX CAPITAL, LLC",,50000.0
2011-11-17,THOMAS SCOTTO CONSULTANTS LLC,,1000.0
2011-11-17,10 WEST 47TH STREET ASSOCIATES LLC,,500.0
2011-11-17,THE PARAMOUNT THEATRE LLC,,2000.0
2011-11-17,HUNGRY HARBOR CARE LLC,,6250.0
2011-11-17,"NORTH STREET COMMUNITY, LLC",,2500.0
2011-11-17,SEVEN EAST CARVER STREET LLC,,1000.0
2011-11-17,10 WEST 47TH STREET ASSOCIATES LLC,,500.0
2011-11-17,CAITHNESS LONG ISLAND LLC,,2000.0
2011-11-17,EB CARE AT MASSAPEQUA LLC,,6250.0
2011-11-17,"CABLEVISION OF WARWICK, LLC",,15000.0
2011-11-17,EDGEWATER INDUSTRIAL PK II LLC,,1250.0
2011-11-19,REVIEW ASSOCIATES LLC,,1500.0
2011-12-02,SLG AIR LLC,,59843.0
2011-12-02,FREER LYNBROOK LLC,,3000.0
2011-12-02,"AVOCA ENGINEERS & ARCHITECTS, LLC",,1000.0
2011-12-06,RFR HOLDING LLC,,3272.0
2011-12-07,MADISON COURT COMMERCIAL LLC,,4000.0
2011-12-07,TRIANGLE EQUITIES DEVE CO LLC,,25000.0
2011-12-07,MARATHON DEVELOPMENT GROUP LLC,,25000.0
2011-12-07,"GOETZMANN & ASSOCIATES, LLC",,1500.0
2011-12-07,"PALMER COURT ASSOCIATES, LLC",,5000.0
2011-12-07,"EB RACEWAY, LLC",,3000.0
2011-12-07,ENGEL BURMAN SR. HOUSING AT MASSAPEQUA LLC,,3000.0
2011-12-07,CLAREMONT PARK COMMERCIAL LLC,,5000.0
2011-12-07,PLANET EARTH LLC,,2500.0
2011-12-07,EB WOODBURY LLC,,3000.0
2011-12-08,"ZUFFA, LLC",,25000.0
2011-12-08,"PLUMMER & ASSOCIATES, LLC",,2500.0
2011-12-15,"YANKEE GLOBAL ENTERPRISES, LLC",,16100.0
2011-12-19,"PORTABLES UNLIMITED, LLC",,5000.0
2011-12-19,"ARISTA PROCESS SERVICE, LLC",,1000.0
2011-12-19,"GREEN HOLLAND MANAGEMENT, LLC",,1000.0
2011-12-19,CENTERS FOR CARE LLC,,30500.0
2011-12-19,"DERMARITE INDUSTRIES, LLC",,1000.0
2011-12-19,RVA BILLINGS LLC,,5000.0
2011-12-19,"GREEN HOLLAND MANAGEMENT, LLC",,1000.0
2011-12-19,"EQUINOX FINANCIAL PARTNERS, LLC",,1000.0
2011-12-19,"ATLANTIC-CB, LLC",,5000.0
2011-12-19,QUEENS NEPHROLOGY SERVICES LLC,,1000.0
2011-12-19,"VIP CERTIFIED HEALTH SERVICES, LLC",,10000.0
2011-12-19,"CRITERIONS, LLC",,1000.0
2011-12-19,PINNACLE HEALTH CONSULTANTS LLC,,2500.0
2011-12-19,"MN CONSULTING NY, LLC",,2500.0
2011-12-20,FLORAL AGENCY LLC,,1000.0
2011-12-20,"TONIO BURGOS & ASSOCIATES OF NEW JERSEY, LLC",,25000.0
2011-12-20,"DOUGLASTON DEVELOPMENT, LLC",,10000.0
2011-12-20,BOWNE ASSOCIATES LLC,,5000.0
2011-12-20,GOTHAM GOVERNMENT RELATIONS LLC,,1000.0
2011-12-20,PARK GARDENS REALTY LLC,,2000.0
2011-12-21,MOTORSPORT POWER LLC,,25000.0
2011-12-21,"ASTORIA ENERGY, LLC",,1000.0
2011-12-21,"SUPERB SECURITY & MONITORING, LLC.",,2500.0
2011-12-21,CAPITOL GROUP LLC,,2500.0
2011-12-21,EDGEWATER INDUSTRIAL PK II LLC,,500.0
2011-12-22,HALPERN STRATEGIC VENTURE LLC,,1000.0
2011-12-22,HALPERN STRATEGIC VENTURE LLC,,1000.0
2011-12-22,EDGEWATER INDUSTRIAL PARK LLC,,500.0
2011-12-22,JOPAL AT ST. JAMES LLC,,2500.0
2011-12-22,POST ACUTE PARTNERS MANAGEMENT LLC,,5000.0
2011-12-22,BROOKFIELD POWER US ASSET MANAGEMENT LLC,,1500.0
2011-12-22,GENESIS PARTNERS LLC,,200.0
2011-12-22,"SES ASSOCIATES, LLC",,1000.0
2012-01-03,"NBCUNIVERSAL MEDIA, LLC",,5000.0
2012-01-03,MVP REALTY ASSOCIATES LLC,,25000.0
2012-01-03,AMERIGROUP NEW YORK LLC,,500.0
2012-02-23,S&S REALTY OF ROCHESTER LLC,,525.0
2012-02-23,MSL PARTNERS LLC,,4200.0
2012-03-01,"ALTAIR VENTURES, LLC",,2000.0
2012-03-19,"CAVALRY PORTFOLIO SERVICES, LLC",,25000.0
2012-03-19,JADAM EQUITIES LLC,,25000.0
2012-03-19,"COURTHOUSE CORPORATE CENTER, LLC",,15000.0
2012-03-20,THE PARKSIDE GROUP LLC,,15000.0
2012-03-21,"SYRACUSE PROPERTY PARTNERS, LLC",,25000.0
2012-03-21,"BROWN & WEINRAUB, PLLC",,7500.0
2012-03-21,"EMPIRE MERCHANTS NORTH, LLC",,5000.0
2012-03-21,TIME WARNER NY CABLE LLC,,15000.0
2012-05-02,THE NRP GROUP LLC,,11506.0
2012-05-16,"EAST 81ST REALTY, LLC",,20000.0
2012-05-16,RIVER YORK STRATFORD LLC,,20000.0
2012-05-16,"ROTH & SONS NEW YORK, LLC",,45800.0
2012-05-16,EAST 46TH REALTY LLC,,14000.0
2012-05-16,ROTH & SONS MANAGEMENT LLC,,60000.0
2012-05-16,EAST 72ND REALTY LLC,,20000.0
2012-05-16,"RIVER YORK BARCLAY, LLC",,20000.0
2012-05-16,TRIBECA NORTH END LLC,,20000.0
2012-05-16,WEST 37TH STREET PARKING LLC,,20000.0
2012-05-16,"R & P OAK HILL DEVELOPMENT, LLC",,25000.0
2012-05-16,EAST 85TH REALTY LLC,,20000.0
2012-05-16,LIBERTY STREET REALTY LLC,,20000.0
2012-05-30,REAL QUALITY WINDOWS & DOORS LLC,,5000.0
2012-06-05,"DOUGLASTON DEVELOPMENT, LLC",,5000.0
2012-06-11,OMNI HOUSING DEVELOPMENT LLC,,5000.0
2012-06-12,"PIONEER MANAGEMENT GROUP, LLC",,5000.0
2012-06-19,"HIGH TECH BUILDERS, LLC",,5000.0
2012-06-28,808 COLUMBUS COMMERCIAL OWNERS LLC,,5000.0
2012-06-28,805 COLUMBUS LLC,,5000.0
2012-06-28,"COLUMBUS SQ. MANAGEMENT, LLC",,5000.0
2012-06-28,HUNGRY HARBOR CARE LLC,,5000.0
2012-06-28,"EB RACEWAY, LLC",,10000.0
2012-06-28,775 COLUMBUS LLC,,5000.0
2012-06-28,"WILLETS POINT HOLDINGS, LLC",,1500.0
2012-06-28,BOLTON ST. JOHNS LLC,,10000.0
2012-06-28,"THE CLEARING HOUSE ASSOCIATION, LLC",,25000.0
2012-06-28,BISHOP BEAUDRY CONSTRUCTION LLC,,2500.0
2012-06-28,"MALL 2 - BAY PLAZA, LLC",,2500.0
2012-06-28,775 COLUMBUS LLC,,5000.0
2012-06-28,"SEAN E. MCCANCE M.D., PLLC",,3500.0
2012-06-28,PANNONE LOPES DEVEREAUX & WEST LLC,,1500.0
2012-06-28,"ULTIMATE FIGHTING PRODUCTIONS, LLC",,50000.0
2012-06-28,795 COLUMBUS LLC,,5000.0
2012-06-28,HASA CONSTRUCTION LLC,,5000.0
2012-06-28,EB CARE AT MASSAPEQUA LLC,,6461.0
2012-06-28,"LIBERTY NATURAL GAS, LLC",,15000.0
2012-06-29,"MMAWC, LLC",,10000.0
2012-06-29,BK MEDFORD LLC,,2500.0
2012-06-29,"HALLETS A DEVELOPMENT CO., LLC",,2500.0
2012-06-29,BK AT SEAFORD LLC,,2500.0
2012-06-29,BK AT LONG BEACH LLC,,2500.0
2012-06-29,KNOWLEDGEPRO LLC,,500.0
2012-06-29,KNOWLEDGEPRO LLC,,1000.0
2012-07-03,"ANHEUSER-BUSCH COMPANIES, LLC",,15000.0
2012-07-05,"TOWNHOUSE COMPANY, LLC",,5000.0
2012-07-05,"TONIO BURGOS & ASSOCIATES OF NEW JERSEY, LLC",,12500.0
2012-07-05,TECH VALLEY HOLDINGS LLC,,15000.0
2012-07-09,"EMPIRE MERCHANTS, LLC",,2300.0
2012-07-09,"CHESTER MALL, LLC",,10000.0
2012-07-09,CONIFER REALTY LLC,,5000.0
2012-07-09,HALMAR INTERNATIONAL LLC,,20000.0
2012-07-09,"EMPIRE MERCHANTS NORTH, LLC",,29300.0
2012-07-10,TIME WARNER NY CABLE LLC,,20800.0
2012-07-10,"BROOKFIELD PROPERTIES MANAGEMENT, LLC",,25000.0
2012-07-10,H.J. KALIKOW & CO LLC,,25000.0
2012-07-10,"DOVER KNOLLS DEVELOPMENT CO. II, LLC",,15000.0
2012-07-10,"OTG MANAGEMENT, LLC",,20000.0
2012-07-10,"CABLEVISION OF ROCKLAND/RAMAPO, LLC",,25000.0
2012-07-11,"VISCONTI LIMOUSINE SERVICE, LLC",,2500.0
2012-07-11,RIVERGATE DEVELOPMENT LLC,,10000.0
2012-07-11,DOLP 655 PROPERTIES LLC,,2500.0
2012-07-11,DOLP 1155 PROPERTIES LLC,,2500.0
2012-07-11,"BROWN & WEINRAUB, PLLC",,5000.0
2012-07-11,DOLP 733 PROPERTIES LLC,,2500.0
2012-07-11,MOTORSPORT POWER LLC,,35000.0
2012-07-11,DOLP 205 PROPERTIES LLC,,2500.0
2012-07-11,DOLP 655 PROPERTIES LLC,,2500.0
2012-07-11,"VISCONTI BUS SERVICE, LLC",,2500.0
2012-07-11,DOLP 675 PROPERTIES LLC,,2500.0
2012-07-11,DOLP 205 PROPERTIES LLC,,2500.0
2012-07-11,"ALEXANDER HOLDINGS, LLC",,5000.0
2012-07-11,DOLP 1133 PROPERTIES LLC,,2500.0
2012-07-11,DOLP 114 PROPERTIES LLC,,2500.0
2012-07-11,DOLP 675 PROPERTIES LLC,,2500.0
2012-07-11,DV GROUP LLC,,3000.0
2012-07-12,THE SCOTTS COMPANY LLC AND SUBSIDIARIES,,15000.0
2012-07-12,TURTLE POND PUBLICATIONS LLC,,10000.0
2012-07-12,EAST COAST PRESERVATION CO. LLC,,2500.0
2012-08-17,GRAMERCY ADVISORS LLC,,5000.0
2012-08-18,VMS LLC,,25000.0
2012-08-18,VMS LLC,,25000.0
2012-10-09,ISLAND ACOUSTICS LLC,,3000.0
2012-10-15,MANHATTAN BEER DISTRIBUTORS LLC,,6500.0
2012-10-15,"LOGISTICARE SOLUTIONS, LLC",,5000.0
2012-10-15,"ICRAVE, LLC",,15000.0
2012-10-15,"OMP OFFICE, LLC",,30000.0
2012-11-16,NORTH JERSEY PALLET & LUMBER CO. LLC,,5000.0
2012-11-19,EPONYMOUS ASSOCIATES LLC,,5000.0
2012-11-19,GOTHAM GOVERNMENT RELATIONS LLC,,1000.0
2012-11-19,"SABER REAL ESTATE ADVISORS, LLC",,2500.0
2012-11-19,"CORDO & COMPANY, LLC",,6500.0
2012-11-19,"CPV VALLEY, LLC",,6500.0
2012-12-27,"NBCUNIVERSAL MEDIA, LLC",,9700.0
2012-12-27,"HALLETTS A DEVELOPMENT CO., LLC",,3000.0
2012-12-28,"COURTHOUSE CORPORATE CENTER, LLC",,15000.0
2012-12-28,MUSS DEVELOPMENT LLC,,5000.0
2013-01-08,"TISHMAN SPEYER DEVELOPMENT, LLC",,60800.0
2013-01-08,GOTHAM GOVERNMENT RELATIONS LLC,,2500.0
2013-01-08,MARATHON DEVELOPMENT GROUP LLC,,20000.0
2013-01-08,NYW REALTY LLC,,22800.0
2013-01-08,"TWIN AMERICA, LLC",,2500.0
2013-01-08,"ISLIP VENTURES, LLC",,15000.0
2013-01-08,"EAST TREMONT VASCULAR HEALTH CARE, PLLC",,1500.0
2013-01-08,WEST 37TH STREET PARKING LLC,,25000.0
2013-01-08,COLUMBUS 60TH REALTY LLC,,25000.0
2013-01-08,JANE STREET HOSPITALITY LLC,,25000.0
2013-01-08,EAST 46TH REALTY LLC,,25000.0
2013-01-08,LIBERTY STREET REALTY LLC,,25000.0
2013-01-08,RIVER YORK STRATFORD LLC,,25000.0
2013-01-08,79TH STREET REALTY LLC,,25000.0
2013-01-08,56TH REALTY LLC,,25000.0
2013-01-08,BP ONE WFC CO. LLC,,25000.0
2013-01-08,BARCLAY STREET REALTY LLC,,25000.0
2013-01-08,EAST 85TH REALTY LLC,,25000.0
2013-01-08,EAST 72ND REALTY LLC,,25000.0
2013-01-08,"EB RACEWAY, LLC",,5000.0
2013-01-08,LAFARGE MID-ATLANTIC LLC,,5000.0
2013-01-08,"CHESTER MALL, LLC",,5000.0
2013-01-08,NICHOLAS & LENCE COMMUNICATIONS LLC,,1500.0
2013-01-08,DIVERSE MANAGEMENT GROUP LLC,,2000.0
2013-01-09,118 W 72ND STREET RETAIL LLC,,10000.0
2013-01-09,J SYD LLC,,5000.0
2013-01-09,H.J.K. LLC,,10000.0
2013-01-09,203 WEST 90TH STREET RETAIL LLC,,10000.0
2013-01-09,170 WEST 75TH STREET RETAIL LLC,,10000.0
2013-01-09,AJ REALTY DEVELOPMENT COMPANY LLC,,10000.0
2013-01-09,235 WEST 102ND STREET RETAIL LLC,,10000.0
2013-01-09,215 WEST 90TH STREET RETAIL LLC,,10000.0
2013-01-09,1628 SECOND AVENUE RETAIL LLC,,10000.0
2013-01-09,"D & F DEVELOPMENT GROUP, LLC",,900.0
2013-01-09,H.J. KALIKOW & CO LLC,,15000.0
2013-01-09,BARSTOW DEVELOPMENT CO. LLC,,5000.0
2013-01-09,ROCCO J. DIINA LLC,,1500.0
2013-01-09,687 AMSTERDAM AVENUE RETAIL LLC,,10000.0
2013-01-09,"PEPSI BOTTLING VENTURES, LLC",,35000.0
2013-01-10,"PEERLESS EQUITIES, LLC",,10000.0
2013-01-10,ACCESS INDUSTRIES HOLDINGS LLC,,50000.0
2013-01-16,CAPITOL GROUP LLC,,3000.0
2013-01-16,COMCAST OF ILLINOIS/INDIANA/OHIO LLC,,4700.0
2013-01-16,"C&C, LLC PAC",,1500.0
2013-01-16,RPS 56 LLC,,25000.0
2013-01-16,DL-6 ASSOCIATES LLC,,25000.0
2013-01-16,"ZAREMBA BROWNELL & BROWN, PLLC",,5000.0
2013-01-16,KASIRER CONSULTING LLC,,1000.0
2013-01-16,"JIMNIK REALTY HOLDING, LLC",,11600.0
2013-01-16,R&R ENTERPRISES MIAMI LLC,,1000.0
2013-01-25,"OMP OFFICE, LLC",,10000.0
2013-01-25,"CABLEVISION OF OAKLAND, LLC",,30000.0
2013-01-28,134 W 58 LLC,,50000.0
2013-01-28,PJP TRUCKING COMPANY LLC,,15000.0
2013-01-28,ELCO MASTER LLC,,50000.0
2013-02-05,"PARKVIEW DEVELOPMENT & CONSTRUCTION, LLC",,12500.0
2013-02-05,TERN CONSTRUCTION & DEVELOPMENT LLC,,12500.0
2013-02-26,JM3 CONSTRUCTION LLC,,1000.0
2013-03-11,TAYLOR BIOMASS ENERGY LLC,,2500.0
2013-03-11,HELLMAN MANAGEMENT LLC,,1000.0
2013-03-11,ELC BEAUTY LLC,,5000.0
2013-03-11,"MORRIS WESTCHESTER CONST. CO., LLC",,1000.0
2013-03-11,THOMPSON & BENDER LLC,,2000.0
2013-03-11,MCG CONSTRUCTION LLC,,2000.0
2013-03-11,"TAYLOR RECYCLING FACILITY, LLC",,2500.0
2013-03-12,"TBE - MONTGOMERY, LLC",,2500.0
2013-03-12,"POS RESIDENTIAL MANAGEMENT, LLC",,2500.0
2013-03-12,JBS REALTY LLC,,1000.0
2013-03-12,"MORRIS ASSOCIATES, P.S., LLC",,1000.0
2013-03-12,"TONIO BURGOS & ASSOCIATES OF NEW JERSEY, LLC",,5000.0
2013-03-12,PANNONE LOPES DEVEREAUX & WEST LLC,,5000.0
2013-03-19,WTC MANAGEMENT AND DEVELOPMENT LLC,,15000.0
2013-03-19,ATLAS HOLDINGS LLC,,25000.0
2013-03-19,"MACANDREWS & FORBES GROUP, LLC",,11768.0
2013-04-02,ERIE STATION 241 LLC,,5000.0
2013-04-02,SERQUE LEASING CO. LLC,,15000.0
2013-04-02,"MIRAMAR PROPERTY PARTNERS, LLC",,15000.0
2013-04-02,"WILLETS POINT HOLDINGS, LLC",,5000.0
2013-04-02,"HAMPSHIRE MANAGEMENT COMPANY NUMBER 25, LLC",,25000.0
2013-04-02,"ENGEL BURMAN SR. HOUSING AT EAST NORTHPORT, LLC",,30000.0
2013-04-03,MANHATTAN TOWER GYM LLC,,15000.0
2013-04-03,687 AMSTERDAM AVENUE RETAIL LLC,,15000.0
2013-04-03,MACARTHUR HOLDINGS LLC,,15000.0
2013-04-03,THE SCOTTS COMPANY LLC,,26100.0
2013-05-01,"UNIVERSAL WALL SOLUTIONS, LLC",,2500.0
2013-05-01,"ROBERT MARTIN COMPANY, LLC",,1000.0
2013-05-01,"DESIGN DEVELOPMENT ARCHITECTS, PLLC",,500.0
2013-05-01,ALCOTT HR GROUP LLC,,500.0
2013-05-01,"ONSITE FACILITY SERVICES, LLC",,1000.0
2013-05-06,"ELANA CHARTERS, LLC",,16125.0
2013-05-13,MYRTLE AVE ASSOCIATES LLC.,,1000.0
2013-05-13,WILDER BALTER PARTNERS LLC,,5000.0
2013-05-13,OMNI HOUSING DEVELOPMENT LLC,,5000.0
2013-05-13,"RED STONE EQUITY PARTNERS, LLC",,2500.0
2013-05-13,CITY VENTILATIONS LLC,,300.0
2013-05-13,D&F SP DEVELOPMENT LLC,,10000.0
2013-05-20,CROWN JANITORIAL PRODUCTS LLC,,1000.0
2013-05-20,"MS & B CONSTRUCTION CO., LLC",,20000.0
2013-05-22,GOTHAM GOVERNMENT RELATIONS LLC,,5000.0
2013-05-22,"GEORGE DRAPEAU COMPANY, LLC",,1000.0
2013-05-22,"STRATFORD CAPITAL GROUP, LLC",,2500.0
2013-05-22,"YANKEE GLOBAL ENTERPRISES, LLC",,19700.0
2013-05-28,COMMERCIAL RECYCLING TECHNOLOGY LLC,,2500.0
2013-05-29,TECH VALLEY HOLDINGS LLC,,5000.0
2013-05-29,DAVIS FIRM LLC,,2000.0
2013-05-29,"KNICKERBOCKER PARKING, LLC",,20000.0
2013-05-29,ERB LLC,,5000.0
2013-05-29,O & H MANAGEMENT LLC,,5000.0
2013-05-29,2238 CRESTON AVE LLC,,5000.0
2013-05-29,"CINE MAGIC RIVERFRONT STUDIOS, LLC",,2500.0
2013-05-29,KNICKERBOCKER TELEVISION LLC,,20000.0
2013-05-29,THE NICOTRA GROUP LLC,,5000.0
2013-05-29,DBS RESTAURANT GROUP LLC,,25000.0
2013-05-29,"KNICKERBOCKER MANAGEMENT, LLC",,20000.0
2013-05-29,RIZARO MANAGEMENT LLC,,30000.0
2013-06-10,"VCORE SOLUTIONS, LLC",,200.0
2013-06-10,L & M ADMINISTRATIVE SERVICES LLC,,1000.0
2013-06-10,COUNTY BUILDERS LLC,,1000.0
2013-06-10,"ACCESS INDUSTRIES, LLC",,50000.0
2013-06-10,CHATSWORTH BUILDERS LLC,,1000.0
2013-06-10,RENTACRATE LLC,,1000.0
2013-06-10,STRATEGIC PLANNING PARTNERS LLC,,200.0
2013-06-10,"L & M BUILDERS GROUP, LLC",,1000.0
2013-06-10,CONGRESS BUILDERS LLC,,1000.0
2013-06-20,"GGMC PARKING, LLC",,1000.0
2013-06-20,111241 LLC,,10000.0
2013-06-21,"DOVER KNOLLS DEVELOPMENT CO. II, LLC",,10000.0
2013-06-21,ARWIN 88TH ST. LLC,,25000.0
2013-06-21,92ND REALTY LLC,,25000.0
2013-06-21,1060 UNIVERSITY AVE LLC,,5000.0
2013-06-21,56TH REALTY LLC,,25000.0
2013-06-21,1060 UNIVERSITY AVE LLC,,5000.0
2013-06-21,79TH STREET REALTY LLC,,25000.0
2013-06-21,STRATOSPHERE DEVELOPMENT CO. LLC,,4200.0
2013-06-21,CROWN JANITORIAL PRODUCTS LLC,,1000.0
2013-06-21,80TH REALTY LLC,,25000.0
2013-06-21,BELL URBAN LLC,,5000.0
2013-06-21,CONGRESS BUILDERS LLC,,4000.0
2013-06-21,CHATSWORTH BUILDERS LLC,,4000.0
2013-06-21,COUNTY BUILDERS LLC,,4000.0
2013-06-21,"L & M BUILDERS GROUP, LLC",,4000.0
2013-06-21,L & M ADMINISTRATIVE SERVICES LLC,,4000.0
2013-06-28,MANHATTAN BEER DISTRIBUTORS LLC,,25000.0
2013-06-28,TOTAL HEALTH NUTRIENTS LLC,,5000.0
2013-06-28,1060 UNIVERSITY AVE LLC,,1000.0
2013-06-28,PLAZA 9 ASSOCIATES LLC,,500.0
2013-06-28,"PLUMMER & ASSOCIATES, LLC",,2500.0
2013-06-28,DOLP 114 PROPERTIES LLC,,2500.0
2013-06-28,DOLP 1155 PROPERTIES LLC,,2500.0
2013-06-28,DOLP 655 PROPERTIES LLC,,2500.0
2013-06-28,DOLP 825 PROPERTIES LLC,,2500.0
2013-06-28,"PIERCE MUNITIONS, LLC",,7500.0
2013-06-28,DOLP 1133 PROPERTIES LLC,,2500.0
2013-06-28,MATTONE INVESTORS LLC,,10000.0
2013-06-28,CORNING PLACE CONSULTING LLC,,5000.0
2013-06-28,FRONTIER HEALTHCARE HOLDINGS LLC,,1000.0
2013-06-30,"BCGHQ, LLC",,10000.0
2013-06-30,KR CAPITAL PARTNERS LLC,,2500.0
2013-06-30,"ACME VENDING, LLC",,1000.0
2013-06-30,"VENDING PROPERTY, LLC",,1000.0
2013-06-30,"BCGHQ, LLC",,5000.0
2013-06-30,"WESTCHESTER SPINE AND BRAIN SURGERY, PLLC",,2000.0
2013-07-02,EZIQC LLC,,25000.0
2013-07-02,WASTE MANAGEMENT OF NEW YORK LLC,,10000.0
2013-07-02,"TONIO BURGOS & ASSOCIATES OF NEW JERSEY, LLC",,2300.0
2013-07-02,DOI HOLDING LLC,,2500.0
2013-07-02,GENOVA BURNS GIANTOMASI WEBSTER LLC,,10000.0
2013-07-02,OBP DEVELOPER LLC,,2500.0
2013-07-02,DOLP PARTNERS LLC,,2500.0
2013-07-02,"DAVID MONN, LLC",,2500.0
2013-07-03,"INTERCONTINENTAL NEW YORK TIMES SQUARE, LLC",,2500.0
2013-07-08,214TH STREET REALTY GROUP LLC,,5000.0
2013-07-08,MARATHON DEVELOPMENT GROUP LLC,,15000.0
2013-07-09,"COR PROPERTY SERVICES COMPANY, LLC",,25000.0
2013-07-10,"JOYNT VENTURES, LLC",,60000.0
2013-07-11,112 - 118 WEST 25TH STREET LLC,,40000.0
2013-07-11,"PYRAMID MANAGEMENT GROUP, LLC",,22500.0
2013-07-11,WEST 33RD STREET LLC,,60000.0
2013-07-11,CABLEVISION OF HUDSON COUNTY LLC,,25000.0
2013-07-11,"SYRACUSE SAND & GRAVEL, LLC",,25000.0
2013-07-11,"COSTELLO, COONEY & FEARON, PLLC",,2000.0
2013-07-16,JUJAMCYN THEATERS LLC,,18691.0
2013-08-06,"FOREST LAKE EQUITIES, LLC",,1000.0
2013-08-06,3MB ASSOCIATES LLC,,45000.0
2013-08-06,NEW COURT LLC,,1000.0
2013-08-06,TNS DEVELOPER LLC,,2500.0
2013-08-06,SIXTH AVENUE FUNDING LLC,,2500.0
2013-08-06,"LECHASE CONSTRUCTION SERVICES, LLC",,25000.0
2013-08-06,"BOND, SCHOENECK & KING, PLLC",,5000.0
2013-08-06,"O'BRIEN & GERE OPERATIONS, LLC",,1000.0
2013-08-06,106 WEST 31 LLC,,2500.0
2013-08-06,"COLUMBIA HPS, LLC",,25000.0
2013-08-06,CANYON CLUB PARTNERS LLC,,1000.0
2013-08-06,DOLP 733 PROPERTIES LLC,,2500.0
2013-08-06,DOI WEST 31ST STREET LLC,,2500.0
2013-08-06,"ANHEUSER-BUSCH COMPANIES, LLC",,25000.0
2013-08-06,"SUREMERICA SURETY UNDERWRITING SERVICES, LLC",,10000.0
2013-08-06,THE HELENA ASSOCIATES LLC,,2500.0
2013-08-06,DOLP 675 PROPERTIES LLC,,2500.0
2013-08-06,PREMIER PAWN LLC,,10000.0
2013-08-06,DOLP 205 PROPERTIES LLC,,2500.0
2013-08-06,"NRP CONTRACTORS, LLC",,2500.0
2013-08-06,DOI RESIDENTIAL LLC,,2500.0
2013-08-29,"THE WITKOFF GROUP, LLC",,20000.0
2013-08-29,RFR HOLDING LLC,,50000.0
2013-08-29,SIX ROSES LLC,,5000.0
2013-08-30,"BRADY ASSOCIATES, LLC",,500.0
2013-08-30,"GERLAN REALTY, LLC",,500.0
2013-08-30,"FIEBER REALTY, LLC",,500.0
2013-08-30,"OTG MANAGEMENT, LLC",,10000.0
2013-08-30,"GRAND ASSOCIATES, LLC",,500.0
2013-08-30,"HILLCREST REALTY CO., LLC",,500.0
2013-08-30,"MACE REALTY CO., LLC",,500.0
2013-08-30,"ADEE REALTY, LLC",,500.0
2013-08-30,"ROLIL REALTY, LLC",,500.0
2013-08-30,HINMAN STRAUB ADVISORS LLC,,10000.0
2013-09-24,WALTERS GROUP CONSULTING LLC,,2000.0
2013-09-24,"CAPITOL STRATEGIES GROUP, LLC",,2000.0
2013-09-24,LEMERY GREISLER LLC,,5000.0
2013-09-30,"MIRROR LAKE CONSULTING, LLC",,5000.0
2013-10-04,"MACANDREWS & FORBES GROUP, LLC",,6250.0
2013-10-30,FIRST NATIONWIDE TITLE AGENCY LLC,,25000.0
2013-11-07,JOSEPH G. MAKOWSKI LLC,,1000.0
2013-11-08,PITTA BISHOP DEL GIORNO & GIBLIN LLC,,12500.0
2013-11-08,PHILLIPS GROSSMAN PLLC,,10000.0
2013-11-25,RIZARO MANAGEMENT LLC,,30000.0
2013-11-25,CONSTELLATION LEASING LLC,,13678.0
2013-11-25,WEST 42ND STREET DEVELOPERS LLC,,10000.0
2013-11-25,"GRAND ASSOCIATES, LLC",,10000.0
2013-11-25,"HALLETTS A DEVELOPMENT CO., LLC",,2000.0
2013-11-25,THE ACKMAN-ZIFF REAL ESTATE GROUP LLC,,5000.0
2013-11-25,NY PRINTS LLC,,1000.0
2013-12-11,BROOKFIELD PROPERTIES 75 STATE CO. LLC,,50000.0
2013-12-11,"THE RINALDI GROUP, LLC",,5000.0
2013-12-11,"LIBERTY NATURAL GAS, LLC",,5000.0
2013-12-11,"WOH GOVERNMENT SOLUTIONS, LLC",,6250.0
2013-12-12,"R & P OAK HILL DEVELOPMENT, LLC",,1000.0
2013-12-12,LBIT 2002 LLC,,50000.0
2013-12-17,SUNHARBOR ACQUISITION LLC,,1250.0
2013-12-20,BLANDFORD GROUP LLC,,2500.0
2013-12-20,BOWNE ASSOCIATES LLC,,5000.0
2013-12-20,STONERIVER PHARMACY SOLUTIONS LLC,,1000.0
2013-12-20,POUGHKEEPSIE CROSSINGS LLC,,2500.0
2013-12-23,WASTE MANAGEMENT OF NEW YORK LLC,,2500.0
2013-12-23,DUFFY & DUFFY PLLC,,25000.0
2013-12-23,WD MANAGEMENT LLC,,1000.0
2013-12-23,EZIQC LLC,,5000.0
2013-12-23,CIMC ASSOCIATES LLC,,2500.0
2013-12-23,"THE BONGIORNO LAW FIRM, PLLC",,25000.0
2013-12-23,LJM RAD LLC,,10000.0
2013-12-23,AVALON GARDENS REHABILITATION & HEALTHCARE LLC,,500.0
2013-12-23,UTICA CROSSING LLC,,2500.0
2013-12-23,HASA CONSTRUCTION LLC,,3000.0
2013-12-23,HAGGERTY MUNZ PLLC,,4000.0
2013-12-23,FOCUSED TECHNOLOGIES IMAGING SERVICES LLC,,3000.0
2013-12-23,GDP CONSULTING LLC,,1000.0
2013-12-23,BAY PARK NURSING AND REHABILITATION LLC,,500.0
2013-12-23,CATSKILL CROSSINGS LLC,,2000.0
2013-12-23,MAD LLC,,25000.0
2013-12-23,LANDEN ASSOCIATES LLC,,5000.0
2013-12-23,"WILLETS POINT HOLDINGS, LLC",,30000.0
2013-12-23,1234 ACQUISITION LLC,,1000.0
2013-12-23,WEST 60TH STREET REALTY ASSOCIATION LLC,,5000.0
2013-12-23,COMMACK CHI LLC,,17500.0
2013-12-23,ALCOTT HR GROUP LLC,,3000.0
2013-12-26,CONSTANTINOPLE & VALLONE CONSULTING LLC,,2500.0
2013-12-27,ABL LEASING LLC,,1000.0
2013-12-27,ENRG I LLC,,2000.0
2013-12-27,"MERIDIAN CAPITAL GROUP, LLC",,5000.0
2013-12-27,"WEBB LEASING OF BUFFALO, LLC",,5000.0
2013-12-27,"SIGNATURE DEVELOPMENT BUFFALO, LLC",,1000.0
2013-12-27,"THE BUFFALO LAFAYETTE LEASING, LLC",,1000.0
2013-12-27,CB-EMMANUEL REALTY LLC,,1000.0
2013-12-27,YR BLANC & CO LLC,,2000.0
2013-12-27,"C&C, LLC PAC",,2500.0
2013-12-27,NY2O LLC,,15000.0
2013-12-27,NICL INSURANCE SERVICES LLC,,200.0
2013-12-27,"H@ LOFTS, LLC",,1000.0
2013-12-27,MCGUIRE DEVELOPMENT COMPANY LLC,,500.0
2013-12-27,RPS 56 LLC,,20000.0
2013-12-27,CLAY ROUTE 31 DEVELOPMENT COMPANY LLC,,17500.0
2013-12-27,DUFFY & DUFFY PLLC,,20000.0
2013-12-27,CONSTELLATION LEASING LLC,,10000.0
2013-12-27,"IMPACTO CONSULTING ASSOCIATES, LLC",,500.0
2013-12-27,ELLICOTT LOFTS LLC,,1000.0
2013-12-30,H.J.K. LLC,,20000.0
2013-12-31,254 PAS PROPERTY LLC,,20000.0
2014-01-06,MORGAN VENTURES LLC,,1000.0
2014-01-06,PLATSCHEK FAMILY LLC,,5000.0
2014-01-06,MEDALLION HAMPTONS LLC,,25000.0
2014-01-06,REAL SOURCE LLC,,25000.0
2014-01-06,MUSS DEVELOPMENT LLC,,10000.0
2014-01-07,ARWIN 74TH ST. LLC,,25000.0
2014-01-07,ARWIN 88TH ST. LLC,,25000.0
2014-01-07,"EAST 81ST REALTY, LLC",,25000.0
2014-01-07,92ND REALTY LLC,,25000.0
2014-01-07,EAST 77TH REALTY LLC,,25000.0
2014-01-07,TRIBECA NORTH END LLC,,25000.0
2014-01-07,"RIVER YORK BARCLAY, LLC",,25000.0
2014-01-07,"NBCUNIVERSAL MEDIA, LLC",,41000.0
2014-01-08,EMPIRE EXECUTIVE INN LLC,,15000.0
2014-01-08,"WCD GROUP, LLC",,2000.0
2014-01-08,"ISLIP VENTURES, LLC",,10000.0
2014-01-08,LAFARGE MID-ATLANTIC LLC,,2000.0
2014-01-09,COMCAST OF ILLINOIS/INDIANA/OHIO LLC,,41100.0
2014-01-09,"YELLOW PROPERTIES, LLC",,1000.0
2014-01-10,"CHESTER MALL, LLC",,10000.0
2014-01-10,"COOK & KRUPA, LLC.",,5000.0
2014-01-10,SHOLOM & ZUCKERBROT REALTY LLC,,2500.0
2014-01-10,"HAMPSHIRE MANAGEMENT COMPANY, LLC",,25000.0
2014-01-13,"SYRACUSE PROPERTY PARTNERS, LLC",,25000.0
2014-01-13,CORYMARIE LEASING LLC,,10000.0
2014-01-13,NIAGARA FALL REDEVELOPMENT LLC,,2500.0
2014-01-13,"ZUFFA, LLC",,5800.0
2014-01-13,"HOME DEPOT STORE SUPPORT, LLC",,1000.0
2014-01-13,"ULTIMATE FIGHTING PRODUCTIONS, LLC",,4200.0
2014-01-13,"TRM DESIGN AND PLANNING, LLC",,1500.0
2014-01-13,"1625 BUFFALO AVENUE, LLC",,500.0
2014-01-14,NEXTERA ENERGY TRANSMISSION LLC,,3000.0
2014-01-14,"EXTENDED NURSING PERSONNEL, CHHA LLC",,10000.0
2014-01-14,BERIT REALTY LLC,,10000.0
2014-01-16,"COURTHOUSE CORPORATE CENTER, LLC",,25000.0
2014-01-17,"NBC UNIVERSAL MEDIA, LLC",,100.0
2014-02-12,"MS & B CONSTRUCTION CO., LLC",,15000.0
2014-02-25,77 K STREET TOWER LLC,,40000.0
2014-02-25,BP ONE WFC CO. LLC,,10000.0
2014-03-03,"KNICKERBOCKER MANAGEMENT, LLC",,15000.0
2014-03-04,"PARKVIEW DEVELOPMENT & CONSTRUCTION, LLC",,7500.0
2014-03-04,DIAMOND ADVANTAGE LLC,,5000.0
2014-03-04,"KNICKERBOCKER PARKING, LLC",,15000.0
2014-03-04,"ANHEUSER-BUSCH COMPANIES, LLC",,15000.0
2014-03-04,"OTG MANAGEMENT, LLC",,15000.0
2014-03-04,"C&C, LLC PAC",,15000.0
2014-03-04,ENGLISH GENERAL PARTNERS LLC,,5000.0
2014-03-04,WILLIAM MORRIS ENDEAVOR ENTERTAINMENT LLC,,5000.0
2014-03-24,GREENHILL LLC,,12663.0
2014-03-25,"DOUGLAS POLANER SELECTIONS, LLC",,1000.0
2014-03-25,JOTO SAKE LLC,,1000.0
2014-03-25,J-TRACK LLC,,20000.0
2014-03-25,"DAVID BOWLER, LLC",,1000.0
2014-03-25,TC ELECTRIC LLC,,20000.0
2014-03-25,WELKIN MECHANICAL LLC,,10000.0
2014-03-25,"VISION WINE BRANDS, LLC",,1000.0
2014-03-25,FOND DU LAC COLD STORAGE LLC,,1000.0
2014-03-25,CBS OUTDOOR LLC,,10000.0
2014-03-25,"VERITY WINES, LLC",,1000.0
2014-04-01,750 THIRD OWNER LLC,,5000.0
2014-04-08,GHP HUGUENOT DELAWARE LLC,,2000.0
2014-04-08,KANSAS LEASING LLC,,10000.0
2014-04-08,THOMPSON & BENDER LLC,,1000.0
2014-04-08,TOWN LEASING LLC,,10000.0
2014-04-08,"SABER REAL ESTATE ADVISORS, LLC",,1000.0
2014-04-08,UTAH LSG DELAWARE LLC,,10000.0
2014-04-08,LSS LEASING LLC,,10000.0
2014-04-08,MAN-O-WAR LLC,,20000.0
2014-04-08,WETHEROLE HOLDING LLC,,10000.0
2014-04-08,MCG CONSTRUCTION LLC,,2500.0
2014-04-08,KONAR ENTERPRISES LLC,,5000.0
2014-04-08,IMPROVEMENT FUND LLC,,55000.0
2014-04-08,EARTH LEASING PROPERTY LLC,,10000.0
2014-04-08,AGS VENTURES II LLC,,60000.0
2014-04-08,HAUSER BROS HOLDINGS LLC,,10000.0
2014-04-08,RMLC LLC,,10000.0
2014-04-08,BUILDERS LEASING LLC,,10000.0
2014-04-08,FORD LEASING PROPERTY LLC,,10000.0
2014-04-08,AUBURN LEASING LLC,,10000.0
2014-04-08,"D&J INDUSTRIES, LLC",,2000.0
2014-04-08,NOTRE DAME LEASING LLC,,10000.0
2014-04-08,"MOUNTAINVILLE ASSOCIATES, LLC",,3000.0
2014-04-08,JM3 CONSTRUCTION LLC,,1000.0
2014-04-17,S & R COMPANY OF WEST SENECA NEWCO LLC,,25000.0
2014-04-17,"WHITE BIRCH, LLC",,5000.0
2014-04-17,GTL CONSTRUCTION LLC,,1000.0
2014-04-17,ASHLING CONSTRUCTION LLC,,2500.0
2014-04-21,RCA ASPHALT LLC,,1000.0
2014-04-21,TERN CONSTRUCTION & DEVELOPMENT LLC,,8000.0
2014-04-21,"PORTABLES UNLIMITED, LLC",,2000.0
2014-04-21,ADA ELECTRICAL CONTRACTING LLC,,1000.0
2014-04-21,TARRYTOWN WATERFRONT I LLC,,1000.0
2014-04-21,ANOTHER 9 LLC,,1000.0
2014-04-21,HELLMAN MANAGEMENT LLC,,1000.0
2014-04-21,ASA CONSTRUCTION & MANAGEMENT LLC,,15000.0
2014-04-21,"CINE MAGIC EAST RIVER STUDIOS, LLC",,5000.0
2014-05-01,750 THIRD OWNER LLC,,5000.0
2014-05-05,PCT CONTRACTING LLC,,1000.0
2014-05-05,YOURPFO CONSULTING LLC,,1000.0
2014-05-05,WINTERS BROS DEVELOPMENT COMPANY LLC,,25000.0
2014-05-13,"INFOR SOFTWARE PARENT, LLC",,25782.0
2014-05-29,TITAN OUTDOOR LLC,,2500.0
2014-05-29,CROWN JANITORIAL PRODUCTS LLC,,1000.0
2014-05-29,NORSTAR AT BEAR CREEK LLC,,25000.0
2014-05-29,OMNI HOUSING DEVELOPMENT LLC,,5000.0
2014-05-29,"HIGHLAND PARK VILLAGE, LLC",,25000.0
2014-05-29,CLAY ROUTE 31 DEVELOPMENT COMPANY LLC,,25000.0
2014-05-29,MCGUIRE DEVELOPMENT COMPANY LLC,,25000.0
2014-05-29,NIMA CAPITAL PARTNERS LLC,,2000.0
2014-05-29,EMERALD CITY CONSTRUCTION LLC,,10000.0
2014-05-29,CITY VENTILATIONS LLC,,2500.0
2014-05-29,HOME LEASING LLC,,5000.0
2014-05-29,PARKER MAINTENANCE LLC,,2000.0
2014-05-30,BOWNE ASSOCIATES LLC,,2500.0
2014-05-30,"NEW YORK HEALTH CARE ALLIANCE, LLC",,2500.0
2014-05-30,CENTERS FOR CARE LLC,,2500.0
2014-06-01,750 THIRD OWNER LLC,,5000.0
2014-06-17,URBAN PRECAST LLC,,5000.0
2014-06-17,MATAR PROPERTIES LLC,,60000.0
2014-06-17,ORION SUMMIT SERVICES LLC,,2000.0
2014-06-17,TS/TSCE INDIA NOMINEE LLC,,10000.0
2014-06-17,METRIC TESTING LAB LLC,,2500.0
2014-06-17,"25 MONROE STREET, LLC",,50000.0
2014-06-17,"URBAN ERECTORS, LLC",,5000.0
2014-06-18,"INFOR SOFTWARE PARENT, LLC",,35018.0
2014-06-19,"DOVER KNOLLS DEVELOPMENT CO. II, LLC",,25000.0
2014-06-26,KASIRER CONSULTING LLC,,5000.0
2014-06-27,ASA CONSTRUCTION & MANAGEMENT LLC,,25000.0
2014-06-27,BRUYN SMITH REALTY LLC,,25000.0
2014-06-30,"BEDELL NORTH FORK, LLC",,1500.0
2014-06-30,"MILES WINE CELLARS, LLC",,921.0
2014-06-30,DANSKAMMER ENERGY LLC,,5000.0
2014-06-30,"VILLA BELL'ANGELO, LLC",,1212.0
2014-06-30,"CHANNING DAUGHTERS WINERY, LLC",,1248.0
2014-07-01,750 THIRD OWNER LLC,,5000.0
2014-07-02,"CABLEVISION OF WARWICK, LLC",,20000.0
2014-07-02,JOPAL BRONX LLC,,2000.0
2014-07-02,EEMERGE NYC LLC,,5000.0
2014-07-02,NICHOLAS & LENCE COMMUNICATIONS LLC,,2000.0
2014-07-02,GOTHAM GOVERNMENT RELATIONS LLC,,1000.0
2014-07-02,"OTG MANAGEMENT, LLC",,15000.0
2014-07-02,ADVANCED CARE STAFFING LLC,,3000.0
2014-07-02,"CABLEVISION OF MONMOUTH, LLC",,20000.0
2014-07-02,"TAYLOR RECYCLING FACILITY, LLC",,12500.0
2014-07-02,ROCKAWAY CARE CENTER LLC,,1000.0
2014-07-02,CATON PARK NURSING HOME LLC,,1000.0
2014-07-02,"TAYLOR-MONTGOMERY, LLC",,12500.0
2014-07-02,"BCGHQ, LLC",,5000.0
2014-07-02,BROOKFIELD POWER US ASSET MANAGEMENT LLC,,25000.0
2014-07-02,"KIRCHHOFF-CONSIGLI CONSTRUCTION MANAGEMENT, LLC",,10000.0
2014-07-02,"CABLEVISION OF NEW JERSEY, LLC",,20000.0
2014-07-02,"CABLEVISION OF ROCKLAND/RAMAPO, LLC",,20000.0
2014-07-02,WASTE MANAGEMENT OF NEW YORK LLC,,10000.0
2014-07-02,"THE RINALDI GROUP, LLC",,2000.0
2014-07-02,BARNWELL NURSING AND REHAB CENTER LLC,,2000.0
2014-07-02,496 WEST JERICHO TURNPIKE LLC,,25000.0
2014-07-09,2238 CRESTON AVENUE LLC,,10000.0
2014-07-09,MSL PARTNERS LLC,,12500.0
2014-07-09,NNE PARTNERS LLC,,12500.0
2014-07-09,LIBERTY GREEN ASSOCIATES II LLC,,25000.0
2014-07-10,SAJE BUILD LLC,,5000.0
2014-07-10,ALDA REAL ESTATE HOLDINGS LLC,,25000.0
2014-07-10,VISTA REALTY SERVICES LLC,,1000.0
2014-07-10,JMA LLC,,1000.0
2014-07-10,CAPOCCIA ASSET MANAGERS LLC,,10000.0
2014-07-10,CENTERS FOR CARE LLC,,5000.0
2014-07-10,TDC SALES LLC,,2500.0
2014-07-10,GOLDEN GATE REHAB AND HEALTH CENTER LLC,,2000.0
2014-07-10,"MARINEMAX NORTHEAST, LLC",,2500.0
2014-07-10,PENINSULA NURSING & REHABILITATION CENTER LLC,,2000.0
2014-07-10,GART ROOSEVELT ASSOCIATES LLC,,2500.0
2014-07-10,SPRING SCAFFOLDING LLC,,500.0
2014-07-10,"PATHWAYS NURSING AND REHAB CENTER, LLC",,2000.0
2014-07-10,BFP POTOMAC TOWER CO. LLC,,35000.0
2014-07-10,"BAY PARK CENTER FOR NURSING AND REHAB, LLC",,2000.0
2014-07-10,"MORNINGSIDE ACQUISITION I, LLC",,2000.0
2014-07-10,"MACANDREWS & FORBES GROUP, LLC",,25000.0
2014-07-10,AVALON GARDENS REHABILITATION & HEALTHCARE LLC,,2000.0
2014-07-10,GRACE PLAZA LLC,,2000.0
2014-07-10,SMEJ HOLDINGS LLC,,1250.0
2014-07-10,MILLS POND NURSING AND REHABILITATION CENTER LLC,,2000.0
2014-07-10,"MORRIS WESTCHESTER CONST. CO., LLC",,500.0
2014-07-10,BFP 300 MADISON II LLC,,40000.0
2014-07-10,BEMOUNT LLC,,25000.0
2014-07-10,THROGS NECK EXTENDED CARE FACILITY LLC,,1000.0
2014-07-10,GARTENSTEIN ACQUISITION LLC,,1250.0
2014-07-10,A.J. LABELLE & PARTNERS LLC,,2500.0
2014-07-10,PLYMOUTH ROCK ENERGY LLC,,5000.0
2014-07-10,"PHARMSCRIPT, LLC",,5000.0
2014-07-10,REB LLC,,5000.0
2014-07-10,BABA REALTY LLC,,5000.0
2014-07-10,MATTONE INVESTORS LLC,,5000.0
2014-07-10,BROWN & ALTMAN LLC,,1500.0
2014-07-10,"T&M PROTECTION RESOURCES, LLC",,5000.0
2014-07-10,HAMPTONS CENTER FOR REHAB AND NURSING LLC,,1000.0
2014-07-11,"PINNACLE INDUSTRIES II, LLC",,5000.0
2014-07-11,"MS & B CONSTRUCTION CO., LLC",,10000.0
2014-07-11,BRIAR HILL REALTY LLC,,25000.0
2014-07-11,"SAFWAY ATLANTIC, LLC",,5000.0
2014-07-11,"TRIAD GROUP, LLC",,5000.0
2014-07-11,BARCLAY STREET REALTY LLC,,25000.0
2014-07-11,"CIVETTA COUSINS JV, LLC",,5000.0
2014-07-11,BOUSQUET HOLSTEIN PLLC,,1000.0
2014-07-11,"NOBLE MARKETS, LLC",,5000.0
2014-07-11,UAS LLC,,2500.0
2014-07-11,"BOND, SCHOENECK & KING, PLLC",,1500.0
2014-07-11,"RELOCO, LLC",,15000.0
2014-07-11,THE MULHOLLAND GROUP LLC,,25000.0
2014-07-12,"ATLANTIC DIALYSIS MANAGEMENT SERVICES, LLC",,5000.0
2014-07-12,"TYCHE POWER PARTNERS, LLC",,5000.0
2014-07-12,"PALLIATECH NY, LLC",,10000.0
2014-07-12,NEPHROLOGY PLLC,,1000.0
2014-07-12,CONSTANTINOPLE & VALLONE CONSULTING LLC,,1500.0
2014-07-12,GRACE PLAZA LLC,,500.0
2014-07-12,"PATHWAYS NURSING AND REHAB CENTER, LLC",,500.0
2014-07-13,CONGRESS BUILDERS LLC,,5000.0
2014-07-13,"BLUESTONE MANAGEMENT ASSOCIATES, LLC",,5000.0
2014-07-13,CHATSWORTH BUILDERS LLC,,5000.0
2014-07-13,COUNTY BUILDERS LLC,,5000.0
2014-07-13,"O & H MANAGEMENT, LLC",,5000.0
2014-07-13,NEXTERA ENERGY TRANSMISSION LLC,,2500.0
2014-07-13,"L&M ADMINISTRATIVE SERVICES, LLC",,5000.0
2014-07-13,RENAISSANCE EQUITY LLC,,25000.0
2014-07-13,"L&M BUILDERS GROUP, LLC",,5000.0
2014-07-13,SECURITY EQUITY LLC,,25000.0
2014-07-14,BRIAR HILL REALTY LLC,,34800.0
2014-07-14,AI PETROLEUM HOLDINGS LLC,,39200.0
2014-07-14,EAST 72ND REALTY LLC,,11200.0
2014-07-14,80TH REALTY LLC,,26500.0
2014-07-14,"BAY PARK CENTER FOR NURSING AND REHAB, LLC",,500.0
2014-07-14,BFC SECOND AVENUE BUILDERS LLC,,25000.0
2014-07-14,ARWIN 74TH STREET LLC,,35800.0
2014-07-14,TRIBECA NORTH END LLC,,9300.0
2014-07-14,ACCESS INDUSTRIES HOLDINGS LLC,,10800.0
2014-07-14,COLUMBUS 60TH REALTY LLC,,35800.0
2014-07-14,GOLDEN GATE REHAB AND HEALTH CENTER LLC,,500.0
2014-07-14,EAST 85TH REALTY LLC,,15800.0
2014-07-24,EPONYMOUS ASSOCIATES LLC,,5000.0
2014-07-24,"FOUNTAIN BEACH RESIDENCES, LLC",,10000.0
2014-07-24,HALMAR TRANSPORTATION SYSTEMS LLC,,25000.0
2014-07-24,"CHESTER MALL, LLC",,5000.0
2014-07-24,FLORMAN TANNEN LLC,,250.0
2014-07-24,EAST COAST PLUMBING LLC,,25000.0
2014-07-24,HUDSON GROUP RETAIL LLC,,15000.0
2014-07-24,EMPIRE EXECUTIVE INN LLC,,10000.0
2014-07-24,"MKBS, LLC",,10000.0
2014-07-29,ELBO CONSTRUCTION LLC,,500.0
2014-08-01,750 THIRD OWNER LLC,,5000.0
2014-08-04,"ISLIP VENTURES, LLC",,19200.0
2014-08-04,SUMMIT BY NORSTAR LLC,,4200.0
2014-08-07,"EB RACEWAY, LLC",,5000.0
2014-08-07,HUNGRY HARBOR CARE LLC,,5000.0
2014-08-07,"ENGEL BURMAN SR. HOUSING AT EAST NORTHPORT, LLC",,10000.0
2014-08-07,ISLAND ACOUSTICS LLC,,2500.0
2014-08-07,EB CARE AT MASSAPEQUA LLC,,5000.0
2014-08-08,S & R COMPANY OF WEST SENECA NEWCO LLC,,13300.0
2014-08-09,VAN WAGNER COMMUNICATIONS LLC,,3098.0
2014-08-13,KAMPACK MATERIAL SUPPLY LLC,,5000.0
2014-08-27,"DENARDIS ENGINEERING, LLC",,5000.0
2014-08-28,"OMP OFFICE, LLC",,2500.0
2014-08-29,"KONAR ENTERPRISES, LLC",,4000.0
2014-08-29,215 WEST 90TH STREET RETAIL LLC,,10000.0
2014-09-02,750 THIRD OWNER LLC,,5000.0
2014-09-06,DHOOM RESTAURANT LLC,,11000.0
2014-09-16,KISSENA GLATT FARMS LLC,,1000.0
2014-09-18,CONSTELLATION LEASING LLC,,5000.0
2014-09-18,HARRIS BEACH PLLC POLITICAL COMMITTEE - STATE,,10000.0
2014-09-20,"ELANA CHARTERS, LLC",,10609.0
2014-09-23,235 WEST 102ND STREET RETAIL LLC,,10000.0
2014-09-24,ARGENT VENTURES LLC,,10000.0
2014-09-24,THE BATTERY GROUP LLC,,5000.0
2014-09-24,BAN REALTY LLC,,1000.0
2014-09-24,"BCGHQ, LLC",,2000.0
2014-09-24,ADVANCED ORTHOPAEDICS PLLC,,1000.0
2014-09-24,"PLUMMER & WIGGER, LLC",,2500.0
2014-09-30,SECURITY EQUITY LLC,,5000.0
2014-09-30,RENAISSANCE EQUITY LLC,,5000.0
2014-10-01,750 THIRD OWNER LLC,,5000.0
2014-10-04,RFR AIR LLC,,4215.0
2014-10-06,ADM EQUITIES LLC,,10000.0
2014-10-16,ISLAND MANAGEMENT SERVICES LLC,,34448.0
2014-10-17,ISLAND CAPITAL GROUP LLC,,41100.0
2014-10-17,ISLAND MANAGEMENT SERVICES LLC,,1004.0
2014-10-20,MSL PARTNERS LLC,,10000.0
2014-10-20,LAFARGE MID-ATLANTIC LLC,,2000.0
2014-10-22,3MB ASSOCIATES LLC,,15000.0
2014-10-24,HINMAN STRAUB ADVISORS LLC,,2500.0
2014-10-24,BRESCO HOLDINGS LLC,,5000.0
2014-10-24,JAZ FLIP LLC,,5000.0
2014-10-24,MAD LLC,,2500.0
2014-10-27,TRIANGLE EQUITIES MANAGEMENT CO. LLC,,10000.0
2014-10-27,"PUBLIC STRATEGIES IMPACT, LLC",,2500.0
2014-10-27,"MOUNTAINVILLE ASSOCIATES, LLC",,2500.0
2014-10-27,"QUEENS MEDICAL PAVILION, LLC",,5000.0
2014-10-28,KNICKERBOCKER TELEVISION LLC,,15000.0
2014-10-28,"KNICKERBOCKER PARKING, LLC",,5000.0
2014-10-28,"MSW CT, LLC",,2250.0
2014-10-28,"HURRICANE MANAGEMENT SERVICES, LLC",,15000.0
2014-10-29,ADVANCED ORTHOPAEDICS PLLC,,10000.0
2014-10-29,"ARIS DIAGNOSTIC MEDICAL, PLLC",,2000.0
2014-10-29,"THOMPSON B-1 EDUCATION CENTER, LLC",,15000.0
2014-10-29,NEW YORK FOOT AND ANKLE PLLC,,10000.0
2014-10-29,MADDD EQUITIES LLC,,10000.0
2014-10-30,"OTG JFK T5 VENTURE, LLC",,10000.0
2014-10-30,BENJAMIN MILLENIUM GROUP LLC,,10000.0
2014-10-30,MCGUIRE DEVELOPMENT COMPANY LLC,,10000.0
2014-10-31,"HAMPSHIRE MANAGEMENT COMPANY NUMBER 20, LLC",,2500.0
2014-10-31,BRICK HOLDINGS LLC,,20000.0
2014-10-31,"LIBERTY NATURAL GAS, LLC",,25000.0
2014-11-03,"6970 SCHUYLER ROAD, LLC",,2250.0
2014-11-03,170 WEST 75TH STREET RETAIL LLC,,10000.0
2014-11-03,"SINATRA & COMPANY REAL ESTATE, LLC",,5000.0
2014-11-03,"WATERFRONT PROPERTY MANAGEMENT, LLC",,40000.0
2014-11-03,SHARED CONCEPTS LLC,,25000.0
2014-11-04,750 THIRD OWNER LLC,,5000.0
2014-12-04,750 THIRD OWNER LLC,,10000.0
2014-12-11,NS OUEST LLC,,7750.0
2015-03-18,TERN CONSTRUCTION & DEVELOPMENT LLC,,15000.0
2015-03-23,"EMPIRE MERCHANTS NORTH, LLC",,22400.0
2015-03-30,"MACQUESTEN DEVELOPMENT, LLC",,15000.0
2015-03-31,"EMPIRE MERCHANTS, LLC",,44800.0
2015-04-03,"RID VENTURES, LLC",,15000.0
2015-04-07,"KIRKWOOD VENTURES, LLC",,5000.0
2015-04-08,"WILLETS POINT HOLDINGS, LLC",,10000.0
2015-04-09,"BOLLA EM REALTY, LLC",,30000.0
2015-04-09,PENINSULA NURSING & REHABILITATION CENTER LLC,,15000.0
2015-04-10,"KNICKERBOCKER MANAGEMENT, LLC",,30000.0
2015-04-15,"BNY CAPITAL FUNDING, LLC",,5000.0
2015-04-20,"WHITESTONE CAPITAL PARTNERS, LLC",,15000.0
2015-05-07,"DOVER KNOLLS DEVELOPMENT CO. II, LLC",,25000.0
2015-05-07,"ANHEUSER-BUSCH COMPANIES, LLC",,15000.0
2015-05-13,ZEREGA REALTY LLC,,2500.0
2015-05-13,"GLOUCESTER STREET CAPITAL, LLC",,5000.0
2015-05-13,NORSTAR AT BEAR CREEK LLC,,25000.0
2015-05-13,DV GROUP LLC,,1000.0
2015-05-13,"O & H MANAGEMENT, LLC",,5000.0
2015-05-13,"VAN TRANS, LLC",,2500.0
2015-05-13,REAL QUALITY WINDOWS & DOORS LLC,,2000.0
2015-05-13,"YANKEE GLOBAL ENTERPRISES, LLC",,10000.0
2015-05-13,MARATHON DEVELOPMENT GROUP LLC,,25000.0
2015-05-13,"OMNI HOLDING COMPANY, LLC",,25000.0
2015-05-13,THE NRP GROUP LLC,,25000.0
2015-05-13,"ALEXANDER HOLDINGS, LLC",,5000.0
2015-05-13,CITY VENTILATIONS LLC,,1000.0
2015-06-02,MARATHON DEVELOPMENT GROUP LLC,,5000.0
2015-06-02,"PARKVIEW DEVELOPMENT & CONSTRUCTION, LLC",,20000.0
2015-06-09,"LECHASE CONSTRUCTION SERVICES, LLC",,10000.0
2015-06-09,NEXTERA ENERGY TRANSMISSION LLC,,5000.0
2015-06-22,"FOUR M CAPITAL, LLC",,5000.0
2015-06-22,BOLTON ST. JOHNS LLC,,10000.0
2015-06-22,SL GREEN MANAGEMENT LLC,,25000.0
2015-06-22,"RIVERSIDE ABSTRACT, LLC OPERATING ACCOUNT",,5000.0
2015-06-22,URBAN PRECAST LLC,,5000.0
2015-06-22,"700 N. SAM HOUSTON ROAD REALTY, LLC",,5000.0
2015-06-22,"BLUESTONE MANAGEMENT ASSOCIATES, LLC",,5000.0
2015-06-22,THE PARKSIDE GROUP LLC,,5000.0
2015-06-22,STOCKBRIDGE INVESTMENT LLC,,5000.0
2015-06-22,ADVANCED CARE STAFFING LLC,,5000.0
2015-06-22,"ELANA CHARTERS, LLC",,25000.0
2015-06-22,TALLBOY TECHNOLOGY LLC,,60000.0
2015-06-22,MANHATTAN BEER DISTRIBUTORS LLC,,10000.0
2015-06-22,"FOUR M FRANCHISING, LLC",,5000.0
2015-06-22,ACHILLES GROUP LLC,,60000.0
2015-06-30,RENAISSANCE EQUITY LLC,,5000.0
2015-06-30,"NBC UNIVERSAL MEDIA, LLC",,5300.0
2015-06-30,DJ INVESTORS LLC,,5000.0
2015-06-30,REG LLC COMMAND ACCOUNT,,25000.0
2015-06-30,70 BATTERY PARK LLC,,10000.0
2015-06-30,"HAMPSHIRE MANAGEMENT COMPANY NUMBER 25, LLC",,5000.0
2015-06-30,"NBC UNIVERSAL MEDIA, LLC",,19700.0
2015-07-01,SL GREEN MANAGEMENT LLC,,15633.0
2015-07-01,FRESH DIRECT LLC,,5000.0
2015-07-08,"OYSTER BAY DEVELOPMENT, LLC",,5000.0
2015-07-08,"WILLETS POINT HOLDINGS, LLC",,60700.0
2015-07-08,OMNI HOUSING DEVELOPMENT LLC,,5000.0
2015-07-08,CONIFER REALTY LLC,,25000.0
2015-07-09,"OTG MANAGEMENT, LLC",,25000.0
2015-07-10,"TONIO BURGOS & ASSOCIATES OF NEW JERSEY, LLC",,10000.0
2015-07-10,PENCILS DOWN LLC,,25000.0
2015-07-10,RIVERGATE DEVELOPMENT LLC,,25000.0
2015-07-12,ADVANCED ORTHOPAEDICS PLLC,,5000.0
2015-07-13,"MTY PROPERTIES, LLC",,25000.0
2015-07-13,"MT. IDA APARTMENTS, LLC",,5000.0
2015-07-13,"SHEAU, LLC",,2500.0
2015-07-13,LEWISTON GREENHOUSE LLC,,30000.0
2015-07-13,SKKS LLC,,5000.0
2015-07-13,ELITE CINEMA VI LLC,,2500.0
2015-07-13,"COLUMBIA HPS, LLC",,5000.0
2015-07-13,"COLUMBIA 50 NS, LLC",,5000.0
2015-07-13,"22 NEW SCOTLAND AVENUE, LLC",,5000.0
2015-07-13,"SOUTH 1ST STREET DEVELOPMENT, LLC",,25000.0
2015-07-13,MONTROSE PARK LLC,,25000.0
2015-07-13,"845 GRAND DEVELOPMENT, LLC",,25000.0
2015-07-13,LEWISTON GREENHOUSE LLC,,15000.0
2015-07-13,EMPIRE EXECUTIVE INN LLC,,15000.0
2015-07-13,WTC MANAGEMENT AND DEVELOPMENT LLC,,15000.0
2015-07-13,"CHESTER MALL, LLC",,5000.0
2015-07-13,"ADC, LLC",,15000.0
2015-07-14,"SOUTH 1ST STREET DEVELOPMENT, LLC",,25000.0
2015-07-14,WOODLAND ESTATES LLC,,50000.0
2015-07-14,"845 GRAND DEVELOPMENT, LLC",,25000.0
2015-07-14,MONTROSE PARK LLC,,25000.0
2015-07-14,JL N ASSOCIATES LLC,,10000.0
2015-07-14,"MTY PROPERTIES, LLC",,25000.0
2015-07-15,3300 KOSSUTH PARTNERS LLC,,15000.0
2015-07-20,URBAN BUILDERS COLLABORATIVE LLC,,500.0
2015-07-20,"ANHEUSER-BUSCH COMPANIES, LLC",,20000.0
2015-07-20,LIGHTHOUSE LANDING VENTURE LLC,,60000.0
2015-07-20,JNI LLC,,60000.0
2015-07-22,ADVANCED CARE ADVISORS LLC,,20000.0
2015-08-01,FOND DU LAC COLD STORAGE LLC,,1000.0
2015-08-24,"COR ROUTE 31 COMPANY, LLC",,25000.0
2015-08-26,ENVIRONMENTAL AND FUELING SYSTEMS LLC,,10000.0
2015-08-31,"MICHAEL R. PHINNEY, ARCHITECT, PLLC",,5000.0
2015-08-31,"SARATOGA GAMING RESOURCES, LLC",,5000.0
2015-08-31,CAPITOL GROUP LLC,,2000.0
2015-08-31,BOLINGBROOK PROPERTY PARTNERS LLC,,5000.0
2015-09-12,"ZUFFA, LLC",,5000.0
2015-09-28,"EXTENDED NURSING PERSONNEL, CHHA LLC",,5000.0
2015-10-05,50 MURRAY STREET ACQUISITIONS LLC,,5000.0
2015-10-05,RENAISSANCE EQUITY LLC,,10000.0
2015-10-05,NLO STRATEGIES LLC,,1000.0
2015-10-05,DOLP 1155 PROPERTIES LLC,,25000.0
2015-10-05,"TRIAD GROUP, LLC",,15000.0
2015-10-05,DOLP 733 PROPERTIES LLC,,25000.0
2015-10-05,DOLP 1133 PROPERTIES LLC,,25000.0
2015-10-05,DOLP 114 PROPERTIES LLC,,25000.0
2015-10-05,SECURITY EQUITY LLC,,5000.0
2015-10-05,SECURITY EQUITY LLC,,5000.0
2015-10-05,RATIONAL RETENTION LLC,,5000.0
2015-10-08,KR INVESTORS LLC,,50000.0
2015-10-09,"KONAR ENTERPRISES, LLC",,3000.0
2015-10-11,"ZUFFA, LLC",,7500.0
2015-10-12,"PLUMMER & WIGGER, LLC",,2500.0
2015-10-14,DEERWOOD REAL ESTATE CAPITAL LLC,,3000.0
2015-10-15,"EXTENDED NURSING PERSONNEL, CHHA LLC",,10000.0
2015-10-15,WILLIAMS NEW YORK LLC,,3000.0
2015-10-19,"VERITY WINES, LLC",,1000.0
2015-10-24,WINN MGMT. CO. LLC,,25000.0
2015-11-11,WATERVIEW LOFTS LLC,,10000.0
2015-11-11,TRAC CENTRAL JERSEY LLC,,5000.0
2015-11-11,KEREN STAR MANAGEMENT LLC,,2000.0
2015-11-11,RECTOR STREET DEVELOPMENT LLC,,2500.0
2015-11-13,SYM REALTY MGMT & DEV LLC,,10000.0
2015-11-16,POET LLC,,5000.0
2015-11-17,"MIRROR LAKE CONSULTING, LLC",,5000.0
2015-11-20,"TONIO BURGOS & ASSOCIATES OF NEW JERSEY, LLC",,5000.0
2015-11-25,TERN CONSTRUCTION & DEVELOPMENT LLC,,7500.0
2015-11-26,ASA CONSTRUCTION & MANAGEMENT LLC,,2500.0
2015-11-26,MARATHON DEVELOPMENT GROUP LLC,,10000.0
2015-11-27,"WATERFRONT PROPERTY MANAGEMENT, LLC",,10000.0
2015-12-07,"DECADE SOFTWARE COMPANY, LLC",,5000.0
2015-12-11,"OTG MANAGEMENT, LLC",,10000.0
2015-12-11,THE PARKSIDE GROUP LLC,,20000.0
2015-12-11,"CHARTWELL LAUREL STREET, LLC",,5000.0
2015-12-11,COMMACK CHI LLC,,5000.0
2015-12-14,"MACANDREWS & FORBES GROUP, LLC",,25000.0
2015-12-14,"WOH GOVERNMENT SOLUTIONS, LLC",,913.0
2015-12-15,"MACANDREWS & FORBES GROUP, LLC",,3203.0
2015-12-18,"DESIGN DEVELOPMENT ARCHITECTS, PLLC",,1000.0
2015-12-24,"HAMPSHIRE MANAGEMENT COMPANY NUMBER 20, LLC",,10000.0
2016-01-05,ALFRED WEISSMAN REAL ESTATE LLC,,1500.0
2016-01-06,"TONIO BURGOS & ASSOCIATES OF NEW JERSEY, LLC",,1000.0
2016-01-08,MCG CONSTRUCTION LLC,,1000.0
2016-01-08,"DOUGLAS POLANER SELECTIONS, LLC",,1500.0
2016-01-08,"D&J INDUSTRIES, LLC",,1000.0
2016-01-08,BFP 300 MADISON II LLC,,40000.0
2016-01-08,NLO STRATEGIES LLC,,2000.0
2016-01-08,GLO ELECTRIC LLC,,3000.0
2016-01-08,YOURPFO CONSULTING LLC,,1000.0
2016-01-08,"CAM-ELM COMPANY, LLC",,2500.0
2016-01-08,FISCHMAN BROS. LLC,,7000.0
2016-01-08,HOULIHAN-PARNES REALTORS LLC,,1000.0
2016-01-08,BFP 300 MADISON A LLC,,30000.0
2016-01-08,"JHR INVESTMENTS, LLC",,1000.0
2016-01-08,ADA ELECTRICAL CONTRACTING LLC,,1000.0
2016-01-08,CATON AVENUE REALTY LLC,,20000.0
2016-01-08,SAPPHIRE VENTURES LLC,,10000.0
2016-01-08,BP ONE WFC CO. LLC,,40000.0
2016-01-08,BFP POTOMAC TOWER CO. LLC,,40000.0
2016-01-10,DEDICATED BUILDING SERVICES LLC,,10000.0
2016-01-10,"J&R REAL PROPERTY, LLC",,5000.0
2016-01-10,SLG GRAYBAR MESNE LEASE LLC,,15841.0
2016-01-10,"WILLIAM GOTTLIEB MANAGEMENT CO., LLC",,5000.0
2016-01-11,"181 AVENUE A, LLC",,11250.0
2016-01-11,"ANTHONY T. RINALDI, LLC",,2500.0
2016-01-11,"204 HS ASSOCIATES, LLC",,11250.0
2016-01-11,ROBERT J MALITO PLLC,,250.0
2016-01-11,"YANKEE GLOBAL ENTERPRISES, LLC",,10000.0
2016-01-12,"GEORGE DRAPEAU COMPANY, LLC",,1000.0
2016-01-12,"CLAY SOUTH DEVELOPMENT CO, LLC",,5000.0
2016-01-16,"SABER REAL ESTATE ADVISORS, LLC",,1000.0
2016-01-18,PLANT MANOR OPERATIONS LLC,,45000.0
2016-01-18,"ADI CONTRACTING, LLC",,1000.0
2016-01-19,THOMPSON & BENDER LLC,,1000.0
2016-03-02,"ZUFFA, LLC",,50000.0
2016-03-08,MCM EQUITIES LLC,,5000.0
2016-03-08,JFM REALTY LLC,,1000.0
2016-03-31,TERN CONSTRUCTION & DEVELOPMENT LLC,,15000.0
2016-04-17,VENETIAN GROUP LLC,,2500.0
2016-05-15,"TRADE OFF, LLC",,5000.0
2016-05-27,"ANHEUSER-BUSCH COMPANIES, LLC",,5000.0
2016-05-27,"BUSCH AGRICULTURAL RESOURCES, LLC",,5000.0
2016-06-20,MARATHON DEVELOPMENT GROUP LLC,,10000.0
2016-06-21,OMNI NEW YORK LLC,,25000.0
2016-06-22,"TRIAD GROUP, LLC",,15000.0
2016-06-29,"BOLTON ST. JOHNS, LLC",,10000.0
2016-06-30,"ARMORY PARKING ASSOCIATES, LLC",,500.0
2016-07-05,"DOVER KNOLLS DEVELOPMENT CO. II, LLC",,10000.0
2016-07-05,"NRP CONTRACTORS, LLC",,25000.0
2016-07-05,THE NRP GROUP LLC,,25000.0
2016-07-06,NNE PARTNERS LLC,,10000.0
2016-07-08,GOLDEN GATE REHAB AND HEALTH CENTER LLC,,1000.0
2016-07-08,"PARAGON MANAGEMENT SNF, LLC",,10000.0
2016-07-08,AVALON GARDENS REHABILITATION & HEALTHCARE LLC,,3000.0
2016-07-08,GENTING NEW YORK LLC,,50000.0
2016-07-08,POUGHKEEPSIE CROSSINGS LLC,,5000.0
2016-07-08,DUFFY & DUFFY PLLC,,5000.0
2016-07-08,"ABSOLUT FACILITIES MANAGEMENT, LLC",,1000.0
2016-07-08,"PEGALIS & ERICKSON, LLC",,5000.0
2016-07-10,SLG GRAYBAR MESNE LEASE LLC,,15841.0
2016-07-11,APN LLC,,20000.0
2016-07-11,"IAC FILMS, LLC",,20000.0
2016-07-11,"CONNECTED VENTURES, LLC CV SEGREGATED #1",,10000.0
2016-07-11,DOLP 1133 PROPERTIES LLC,,50000.0
2016-07-11,DOLP 114 PROPERTIES LLC,,50000.0
2016-07-11,KR INVESTORS LLC,,50000.0
2016-07-12,EMERALD CITY CONSTRUCTION LLC,,25000.0
2016-07-12,"O & H MANAGEMENT, LLC",,5000.0
2016-07-12,"FULLER MARQUISE, LLC",,25000.0
2016-07-12,EEMERGE NYC LLC,,25000.0
2016-07-12,CONSTELLATION LEASING LLC,,25000.0
2016-07-13,ACCESS INDUSTRIES HOLDINGS LLC,,15000.0
2016-07-13,"232 OLD NICHOLLS VILLAGE, LLC",,5000.0
2016-07-13,"DEMONT REALTY, LLC",,5000.0
2016-07-14,ADVANCED ORTHOPAEDICS PLLC,,5000.0
2016-07-14,"M3 TECHNOLOGY, LLC",,2500.0
2016-07-15,"NBC UNIVERSAL MEDIA, LLC",,1400.0
2016-07-15,"NBC UNIVERSAL MEDIA, LLC",,23600.0
2016-07-18,CENTOLELLA LYNN D'ELIA & TEMES LLC,,2000.0
2016-07-18,"BOND, SCHOENECK & KING, PLLC",,1000.0
2016-07-18,"R & M ASSOCIATES, LLC",,1000.0
2016-07-18,DEMBO DEVELOPMENT ASSOCIATES LLC,,5000.0
2016-07-18,BOUSQUET HOLSTEIN PLLC,,1000.0
2016-08-08,"CANANDAIGUA LAKEFRONT, LLC",,10000.0
2016-09-30,TERN CONSTRUCTION & DEVELOPMENT LLC,,10000.0
2016-10-07,HAGGERTY MUNZ PLLC,,900.0
2016-10-10,ASTELLAS US LLC POLITICAL ACTION COMMITTEE,,1000.0
2016-10-21,BOLTON ST. JOHNS LLC,,7500.0
2016-10-21,COMMACK CHI LLC,,10000.0
2016-10-31,"MILLENNIUM STRATEGIES, LLC",,500.0
2016-11-01,NHL INTERACTIVE CYBER ENTERPRISES LLC,,20000.0
2016-11-08,"KONAR ENTERPRISES, LLC",,1000.0
2016-11-21,"OTG MANAGEMENT, LLC",,10000.0
2016-11-28,SKA MARIN MANAGEMENT LLC,,10000.0
2016-11-29,JBS REALTY LLC,,2500.0
2016-11-29,"SOMERSET REALTY ADVISORS, LLC",,50000.0
2016-11-29,TERN CONSTRUCTION & DEVELOPMENT LLC,,7500.0
2016-11-30,MERCURY SERVICE GROUP LLC,,5000.0
2016-11-30,"M S & B CONSTRUCTION CO, LLC",,10000.0
2016-11-30,A NEW SPIN LLC,,5000.0
2016-11-30,MARATHON DEVELOPMENT GROUP LLC,,10000.0
2016-12-01,RHINEBECK REALTY LLC,,5000.0
2016-12-01,"TRINITY ASSOCIATES, LLC",,5000.0
2016-12-02,BALANCE MEDICAL PROFESSIONAL PRIMARY SERVICES PLLC,,6000.0
2016-12-02,BOSTON PEDIATRICS PLLC,,2000.0
2016-12-02,GAO MEDICAL PLLC,,6000.0
2016-12-02,PHYSICIANS OF THE FUTURE MEDGROUP PLLC,,6000.0
2016-12-02,WMR REALTY LLC,,6000.0
2016-12-02,JGH FRANKLIN LLC,,2000.0
2016-12-02,JGH MAIN LLC,,2000.0
2016-12-02,K&V TENG HOLDINGS LLC,,6000.0
2016-12-02,J & GH REALTY LLC,,2000.0
2016-12-12,"MARTOR CASE MANAGEMENT, LLC",,10000.0
2016-12-12,GALASSO MATERIALS LLC,,25000.0
2016-12-12,LINCOLN RECYCLING SERVICES LLC,,5000.0
2016-12-12,"ZAREMBA BROWN, PLLC",,5000.0
2016-12-12,MULLANEY & GJELAJ PLLC,,1000.0
2016-12-12,"TRIAD GROUP, LLC",,10000.0
2016-12-12,"TONIO BURGOS & ASSOCIATES OF NEW JERSEY, LLC",,12500.0
2016-12-12,"PEGALIS & ERICKSON, LLC",,1000.0
2016-12-12,WASTE MANAGEMENT OF NEW YORK LLC,,15000.0
2016-12-12,"COASTAL DISTRIBUTION, LLC",,5000.0
2016-12-12,"DC/DD45, LLC",,5000.0
2016-12-16,ALDA REAL ESTATE HOLDINGS LLC,,6000.0
2016-12-16,NLO STRATEGIES LLC,,1000.0
2016-12-28,VP BUSES LLC,,5000.0
2016-12-28,MERCURY SERVICE GROUP LLC,,5000.0
2016-12-28,"TONIO BURGOS & ASSOCIATES OF NEW JERSEY, LLC",,12500.0
2016-12-28,"LUMEN LIGHT SOLUTIONS, LLC",,10000.0
2016-12-28,15TH PROPERTY HOLDINGS LLC,,20000.0
2017-01-04,CAPITOL GROUP LLC,,2000.0
2017-01-06,FISHER BROTHERS FINANCIAL AND DEVELOPMENT CO LLC,,65000.0
2017-01-06,FISHER BROTHERS MANAGEMENT CO LLC,,65000.0
2017-01-09,ROCKABILL CONSULTING LLC,,8367.0
2017-01-09,"BROOKFIELD PROPERTIES MANAGEMENT, LLC",,40000.0
2017-01-09,BOP MANAGEMENT SERVICES LLC,,40000.0
2017-01-09,BPIL SUBSIDIARY LLC,,20000.0
2017-01-09,"EXACT CAPITAL GROUP, LLC",,50000.0
2017-01-10,"HUDSON VALLEY NOSH, LLC",,5000.0
2017-01-10,"HUDSON VALLEY MOTORS, LLC",,5000.0
2017-01-10,"WELLSTORE SUPPLY, LLC",,5000.0
2017-01-10,"RONDOUT PROPERTY MANAGEMENT, LLC",,5000.0
2017-01-10,"REST SAFE AND SOUND, LLC",,5000.0
2017-01-11,"DOVER KNOLLS DEVELOPMENT CO. II, LLC",,10000.0
2017-01-11,"25WA ASSOCIATES, LLC",,5000.0
2017-01-11,EPONYMOUS ASSOCIATES LLC,,10000.0
2017-01-11,THE PARKSIDE GROUP LLC,,10000.0
2017-01-11,"25WA ASSOCIATES, LLC",,5000.0
2017-01-12,COMCAST OF ILLINOIS/INDIANA/OHIO LLC,,10000.0
2017-01-12,FRESH DIRECT LLC,,10000.0
2017-01-12,755 CO-OP CITY LLC,,25000.0
2017-01-12,SLG GRAYBAR MESNE LEASE LLC,,15841.0
2017-01-12,TOP BANANA LLC,,5000.0
2017-01-12,J MARGIOTTA COMPANY LLC,,5000.0
2017-01-12,THE LAW OFFICES OF LAWRENCE M. HOFFMAN PLLC,,250.0
2017-01-12,"MURRAY HILL PROPERTIES, LLC",,5000.0
2017-01-12,LAW OFFICE OF ANDREW C. LAUFER PLLC,,500.0
2017-01-12,"THE RADCHENKO LAW FIRM, PLLC",,600.0
2017-01-13,SONU BEVERAGES LLC,,2000.0
2017-01-16,NNE PARTNERS LLC,,15000.0
2017-01-16,MSL PARTNERS LLC,,15000.0
2017-01-17,"PMC MEDICAL MANAGEMENT, LLC",,25000.0
2017-01-17,BIMINI SUPERFAST OPERATIONS LLC,,50000.0
2017-01-17,GLO ELECTRIC LLC,,2500.0
2017-01-17,STUDIO STREET LLC,,10000.0
2017-01-25,FRESCO LLC,,5000.0
2017-01-25,FLEMING RUVOLDT PLLC,,5000.0
2017-02-01,KV NATIONAL LAND SERVICES LLC,,10000.0
2017-02-12,CASA BUILDING MATERIALS OF ELMSFORD LLC,,1000.0
2017-02-22,MCM EQUITIES LLC,,5000.0
2017-02-28,180 VARICK LLC,,10000.0
2017-03-15,AUFGANG ARCHITECTS LLC,,1000.0
2017-03-31,DANIEL WAPNER P.E. PLLC,,2000.0
2017-03-31,PRESTIGE POLY LLC,,750.0
2017-04-06,GOTHAM GOVERNMENT RELATIONS LLC,,2500.0
2017-04-10,BOLTON ST. JOHNS LLC,,2500.0
2017-04-17,LUMEN LIGHT SOLUTIONS LLC,,15000.0
2017-04-19,MODA YOGA LLC,,7500.0
2017-04-19,TONIO BURGOS & ASSOCIATES OF NEW JERSEY LLC,,15000.0
2017-04-19,US IMMIGRATION FUND - NY LLC,,30000.0
2017-04-21,O&H MANGEMENT LLC,,5000.0
2017-04-24,D&J INDUSTRIES LLC,,5000.0
2017-04-27,NICHOLAS & LENCE COMMUNICATIONS LLC,,1000.0
2017-05-03,HALMAR INTERNATIONAL LLC,,10000.0
2017-05-04,7 WORLD TRADE CENTER II LLC,,12500.0
2017-05-04,WTC MANAGEMENT AND DEVELOPMENT LLC,,12500.0
2017-05-04,KNICKERBOCKER MANAGEMENT LLC,,10000.0
2017-05-10,GINSBURG DEVELOPMENT COMPANIES LLC,,25000.0
2017-05-10,ASA CONSTRUCTION & MANAGEMENT LLC,,5000.0
2017-05-10,TERN CONSTRUCTION & DEVELOPMENT LLC,,17500.0
2017-05-11,SABER REAL ESTATE ADVISORS LLC,,5000.0
2017-05-15,WASTE MANAGEMENT OF NEW YORK LLC,,10000.0
2017-05-15,P&M BRICK LLC,,2500.0
2017-05-15,SAFIAN & COMPANY LLC,,1000.0
2017-05-15,BROWN & WEINRAUB PLLC,,25000.0
2017-05-15,ADA ELECTRICAL CONTRACTING LLC,,1000.0
2017-05-15,GLOBAL COMPANIES LLC,,5000.0
2017-05-16,LINCOLN LAND SERVICES LLC,,2500.0
2017-05-16,CSC HOLDINGS LLC,,30000.0
2017-05-17,TONIO BURGOS & ASSOCIATES OF NEW JERSEY LLC,,5000.0
2017-05-17,SOMERSET PARTNERS LLC,,15000.0
2017-05-18,MARATHON DEVELOPMENT GROUP LLC,,15000.0
2017-05-18,MACQUESTEN DEVELOPMENT LLC,,10000.0
2017-05-18,MS & B CONSTRUCTION CO. LLC,,10000.0
2017-05-18,LIGHTHOUSE LANDING VENTURE LLC,,10000.0
2017-05-18,MACQUESTEN CONSTRUCTION MANAGEMENT LLC,,15000.0
2017-05-18,DEDICATED BUILDING SERVICES LLC,,10000.0
2017-05-19,REAL DEAL DECORATION LLC,,500.0
2017-05-19,REXSCOTT LLC,,65000.0
2017-05-19,GABELI HOLDINGS LLC,,65000.0
2017-05-19,MALL 1-BAY PLAZA LLC,,5000.0
2017-05-19,ATRIA MANAGEMENT COMPANY LLC,,10000.0
2017-05-24,THETHI REALTY LLC,,2500.0
2017-05-24,WHITE BIRCH LLC,,2500.0
2017-05-24,ALFRED WEISSMAN REAL ESTATE LLC,,1500.0
2017-05-24,FLEET MILL STREET LLC,,5000.0
2017-05-25,FISHER WEST CHAMBERS STREET LLC,,60000.0
2017-05-25,FB VENTURE ASSOCIATES LLC,,60000.0
2017-05-26,LITA DIRKS & CO LLC,,500.0
2017-05-26,ROGER DEAN LLC,,500.0
2017-05-26,RESIDENTIAL SYSTEMS DESIGN LLC,,250.0
2017-05-26,CNY ASSOCIATES LLC,,200.0
2017-05-26,MEKAEL ENGINEERING & CONSULTING LLC,,500.0
2017-05-26,IMPACT ENVIRONMENTAL ENGINEERING PLLC,,500.0
2017-05-26,JVC INSULATION CONTRACTORS LLC,,250.0
2017-05-26,DESIGN GLASS & MIRRORS LLC,,500.0
2017-05-26,FAIRVIEW HEARTHSIDE DISTRIBUTORS LLC,,100.0
2017-05-26,RUSPINI CONSULTING ENGINEERS LLC,,200.0
2017-05-26,D.C. PLUMBING & HEATING LLC,,500.0
2017-05-26,AUDIO VIDEO EXCELLENCE LLC,,500.0
2017-05-30,THE RADCHENKO LAW FIRM PLLC,,3000.0
2017-05-30,GROPPER LAW GROUP PLLC,,100.0
2017-05-30,NAPOLI SHKOLNIK PLLC,,5000.0
2017-05-30,EDELMAN KRASIN & JAYE PLLC,,1000.0
2017-05-30,PEGALIS & ERICKSON LLC,,5000.0
2017-05-30,ZAREMBA BROWN PLLC,,10000.0
2017-05-30,WILLIAM MORRIS ENDEAVOR ENTERTAINMENT LLC,,10000.0
2017-05-30,INTERIOR DRYWALL SYSTEM LLC,,2500.0
2017-05-30,LAW OFFICE OF GREGORY SHEINDLIN PLLC,,500.0
2017-06-05,THOMPSON & BENDER LLC,,1000.0
2017-06-07,ALDA REAL ESTATE HOLDINGS LLC,,5000.0
2017-06-07,HARRIS BEACH PLLC,,2500.0
2017-06-09,IKEDDI IMPORTS LLC,,5000.0
2017-06-12,BEOWULF ENERGY LLC,,10000.0
2017-06-12,OMNI HOLDING COMPANY LLC,,25000.0
2017-06-14,SAHN WARD COSCHIGNANO PLLC,,5000.0
2017-06-14,MODA YOGA LLC,,15000.0
2017-06-16,CONSTELLATION LEASING LLC,,26115.0
2017-06-19,SFA HOLDINGS LLC,,50000.0
2017-06-19,LECHASE CONSTRUCTION SERVICES LLC,,25000.0
2017-06-19,LECHASE CONSTRUCTION SERVICES LLC,,25000.0
2017-06-21,CAMELOT ASSOCIATES LLC,,2500.0
2017-06-21,CLOVER COMMUNITIES CLAY LLC,,2500.0
2017-06-21,CLOVER COMMUNITIES SALINA LLC,,2500.0
2017-06-21,CLOVER COMMUNITIES NEW HARFORD LLC,,2500.0
2017-06-21,LINCOLN PARKWAY APARTMENTS LLC,,2500.0
2017-06-21,CLOVER COMMUNITIES CAMILLUS LLC,,2500.0
2017-06-21,CLOVER COMMUNITIES JOHNSON CITY LLC,,2500.0
2017-06-21,CLOVER COMMUNITIES CRESTMOUNT LLC,,2500.0
2017-06-21,CLOVER COMMUNITIES ROLL LLC,,2500.0
2017-06-21,CLOVER COMMUNITIES SWEETHOME LLC,,2500.0
2017-06-21,MILL STREET LLC,,2500.0
2017-06-21,ANSONIA CENTER PARTNERS LLC,,2500.0
2017-06-21,CLOVER COMMUNITIES SOUTHWESTERN LLC,,2500.0
2017-06-21,CALDWELL BUILDING LLC,,2500.0
2017-06-21,CLOVER COMMUNITIES FRIES LLC,,2500.0
2017-06-22,SARATOGA GAMING RESOURCES LLC,,25000.0
2017-06-23,CONSTANTINOPLE & VALLONE CONSULTING LLC,,5000.0
2017-06-23,TRIAD GROUP LLC,,15000.0
2017-06-26,URBAN STRATEGIES LLC,,2500.0
2017-06-26,YAN 950-2 LLC,,2000.0
2017-06-30,FAIRMONT CONSTRUCTION MANAGEMENT LLC,,15000.0
2017-06-30,ALITE FLOORING LLC,,5000.0
2017-07-05,WARWICK CHI LLC,,5000.0
2017-07-05,DEGIAIMO MONTI PARTNERS LLC,,15000.0
2017-07-05,COMMACK CHI LLC,,7500.0
2017-07-05,AEROTECH INDUSTRIAL LLC,,2500.0
2017-07-07,BOND SCHOENECK & KING PLLC,,1000.0
2017-07-07,R & M ASSOCIATES LLC,,1000.0
2017-07-10,NY2O LLC,,5000.0
2017-07-11,BROWN & WEINRAUB PLLC,,14500.0
2017-07-11,COURTHOUSE CORPORATE CENTER LLC,,5000.0
2017-07-13,EMERALD CITY LLC,,15841.0
2017-07-18,MODWORXX LLC,,5000.0
2017-07-19,CABLEVISION OF WARWICK LLC,,50000.0
2017-07-19,NAVILLUS GROUP LLC,,25000.0
2017-07-19,ARMORY PARKING ASSOCIATES LLC,,1000.0
2017-07-19,GRANITE DEVELOPMENT COMPANY LLC,,5000.0
2017-07-20,MULLANEY & GJELAJ PLLC,,1000.0
2017-07-20,THE ASHLEY LAW FIRM PLLC,,150.0
2017-07-20,PEGALIS & ERICKSON LLC,,5000.0
2017-08-10,KONAR ENTERPRISES LLC,,1000.0
2017-08-17,RMC DEVELOPMENT COMPANY LLC,,2000.0
2017-08-22,CROWN JANITORIAL PRODUCTS LLC,,300.0
2017-09-19,RONDOUT PROPERTY MANAGEMENT LLC,,10000.0
2017-09-20,MANHATTAN BEER DISTRIBUTORS LLC,,20000.0
2017-09-26,STGG REALTY LLC,,50000.0
2017-09-29,CENTURY NEW YORK CITY REGIONAL CENTER LLC,,10000.0
2017-10-03,MEDINOVA PHYSICIANS PLLC,,1000.0
2017-10-03,THE HELENA ASSOCIATES LLC,,20000.0
2017-10-03,B & N CONTRACTORS LLC,,5000.0
2017-10-03,PEDIATRICS 2000 III PLLC,,800.0
2017-10-10,COMMACK CHI LLC,,5000.0
2017-10-18,O & H MANAGEMENT LLC,,6000.0
2017-10-18,STL REALTY LLC,,1000.0
2017-10-18,JADE'S PATH LLC,,1000.0
2017-10-18,BLUESTAR GROUP LLC,,5000.0
2017-10-19,PEGALIS & ERICKSON LLC,,1000.0
2017-10-23,COVANTA ENERGY LLC,,5000.0
2017-10-25,MCM EQUITIES LLC,,5000.0
2017-11-01,MSL PARTNERS LLC,,50000.0
2017-11-06,DOLP 675 PROPERTIES LLC,,25000.0
2017-11-07,URBAN PRECAST LLC,,5000.0
2017-11-07,US CRANE LLC,,5000.0
2017-11-09,ACCESS INDUSTRIES HOLDINGS LLC,,25000.0
2017-11-10,TISHMAN SPEYER DEVELOPMENT LLC,,25000.0
2017-11-15,550 WEST 37 LLC,,25000.0
2017-11-16,AB 40TH STREET LLC,,2500.0
2017-11-16,315 HUDSON LLC,,2500.0
2017-11-16,SYMPHONY HOUSE LLC,,2500.0
2017-11-16,RESNICK 255 GREENWICH LLC,,2500.0
2017-11-16,AZOFF MSG ENTERTAINMENT LLC,,10000.0
2017-11-16,RESNICK SEAPORT LLC,,2500.0
2017-11-16,485 MADISON AVENUE LLC,,2500.0
2017-11-16,161 WILLIAM STREET LLC,,2500.0
2017-11-16,250 HUDSON STREET LLC,,2500.0
2017-11-16,RB 52 CO. LLC,,2500.0
2017-11-16,133 E 58TH STREET LLC,,2500.0
2017-11-20,GOTHAM CONSTRUCTION CO. LLC,,15000.0
2017-11-27,COMCAST OF ILLINOIS/INDIANA/OHIO LLC,,11100.0
2017-11-27,WELKIN MECHANICAL LLC,,4000.0
2017-11-27,755 CO-OP CITY LLC,,25000.0
2017-11-27,COMCAST OF ILLINOIS/INDIANA/OHIO LLC,,15200.0
2017-11-27,COMCAST OF ILLINOIS/INDIANA/OHIO LLC,,28800.0
2017-11-27,CHRISTA CONSTRUCTION LLC,,15000.0
2017-11-27,NBC UNIVERSAL MEDIA LLC,,15100.0
2017-11-29,BROOKER ENGINEERING PLLC,,5000.0
2017-11-30,SEAR 200 LLC,,432.0
2017-11-30,UNIQUEST HOSPITALITY LLC,,2057.0
2017-12-01,BOND SCHOENECK & KING PLLC,,1000.0
2017-12-01,B & Z AUTO ENTERPRISES LLC,,2500.0
2017-12-05,EMERG212 125 LLC,,25000.0
2017-12-07,BLUESTONE MANAGEMENT ASSOCIATES LLC,,5000.0
2017-12-07,GALASSO MATERIALS LLC,,5000.0
2017-12-08,G4 2010 LLC,,15000.0
2017-12-11,STATE STREET TITLE AGENCY LLC,,50000.0
2017-12-11,GOTHAM GOVERNMENT RELATIONS LLC,,3000.0
2017-12-11,SARATOGA CASINO HOLDINGS LLC,,5000.0
2017-12-13,PROJECT COMPASSION NY LLC,,50000.0
2017-12-13,GOLDEN GATE REHAB AND HEALTH CENTER LLC,,500.0
2017-12-13,RESTORATIVE CONTINUUM LLC,,15000.0
2017-12-13,OTG MANAGEMENT LLC,,20000.0
2017-12-13,BOWNE ASSOCIATES LLC,,5000.0
2017-12-13,GALASSO MATERIALS LLC,,15000.0
2017-12-14,CIP 360 LLC,,1451.0
2017-12-15,UNITED AMERICAN LEND LLC,,5000.0
2017-12-15,MACQUESTEN TAKEOVER PARTNERS LLC,,10000.0
2017-12-15,BOLTON ST. JOHNS LLC,,10000.0
2017-12-15,LETAIG MANAGEMENT LLC,,1000.0
2017-12-15,438 PELHAM PARTNERS LLC,,5000.0
2017-12-15,CLAREMONT PARK COMMERCIAL LLC,,5000.0
2017-12-15,3300 KOSSUTH PARTNERS LLC,,5000.0
2017-12-15,CARSON EQUITIES LLC,,5000.0
2017-12-15,DIFAZIO POWER & ELECTRIC LLC,,5000.0
2017-12-15,BROWN & WEINRAUB PLLC,,15000.0
2017-12-18,REXSCOTT OPPORTUNITY LLC,,65000.0
2017-12-18,COASTAL DISTRIBUTION LLC,,10000.0
2017-12-18,MATTONE GROUP MANAGEMENT LLC,,2000.0
2017-12-20,TRIANGLE EQUITIES JUNCTION LLC,,25000.0
2017-12-20,THE PARKSIDE GROUP LLC,,25000.0
2017-12-20,NY OV LLC,,50000.0
2017-12-21,K & R PRESERVATION LLC,,25000.0
2017-12-22,EPONYMOUS ASSOCIATES LLC,,1000.0
2017-12-22,MAPLE HEIGHTS SUB LLC,,30000.0
2017-12-22,25 WA ASSOCIATES LLC,,1000.0
2017-12-22,MCR INVESTORS LLC,,20000.0
2017-12-27,GRANITE BUILDING 2 LLC,,25000.0
2017-12-28,HAMPSHIRE MANAGEMENT COMPANY NUMBER 25 LLC,,15000.0
2017-12-28,COMMERCIAL RECYCLING TECHNOLOGY LLC,,1500.0
2018-01-03,MULLANEY & GJELAJ PLLC,,1000.0
2018-01-03,TWO TREES KG LLC,,25000.0
2018-01-05,METROPOLITAN INVESTMENT TRUST LLC,,15000.0
2018-01-08,ALDER CREEK BEVERAGES LLC,,5000.0
2018-01-09,BOP AMTRAK HOLDINGS LLC,,50000.0
2018-01-09,RESORTS WORLD OMNI LLC,,25000.0
2018-01-09,BOP PROPERTIES HOLDINGS LLC,,50000.0
2018-01-09,RXR CO PROPERTY MANAGEMENT LLC,,25000.0
2018-01-09,BOP AMTRAK OP LLC,,50000.0
2018-01-09,MATCH GROUP LLC,,5000.0
2018-01-10,CROWN JANITORIAL PRODUCTS LLC,,1000.0
2018-01-11,TYTY LLC,,5000.0
2018-01-11,700 N. SAM HOUSTON ROAD REALTY LLC,,20000.0
2018-01-11,EMERALD CITY LLC,,15841.0
2018-01-12,OMNI HOLDING COMPANY LLC,,10000.0
2018-01-12,GROPPER LAW GROUP PLLC,,100.0
2018-01-12,LEVINE & WISS PLLC,,500.0
2018-01-12,BROAD MARK BUILDERS LLC,,15000.0
2018-01-12,OMNI NEW YORK LLC,,25000.0
